ID,merchant-name,merchant-description,physical-address,street-name,city,zip-code,latitude,longitude,country,state,vintage,price,bottle-size,format,volume,link
0,B-21,Wine merchant established in 1948. ex. sales tax,"43380 US Highway 19 North, Tarpon Springs, FL 34689", Tarpon Springs, Tarpon Springs,34689,28.165844,-82.74105,USA,FL,2018,19.98,Half Bottle (375ml),Half Bottle ,375ml,https://www.wine-searcher.com/redirect?from_type_F=A&from_page_F=1462&wine_id_F=4115521&wine_name_id_F=85261&merchant_id_F=34&price_F=14.5525465&page_no_F=1&line_no_F=1&ebp_price_F=29.105093&bot_size_F=Half+Bottle+%28375ml%29&design_F=&offer_type_F=R&tax_status_F=ex.+sales+tax&Xwinename=duckhorn+vineyard+napa+merlot&Xvintage_F=2018&Xlocation=USA&Xcurrencycode=USD
1,Saratoga Wine Exchange,Retail wine store located in upstate New York. Over 17 years experience in sourcing and selling wines. Can ship to 42 states. ex. sales tax,"43 Round Lake Road, Ballston Lake, NY 12019", Ballston Lake, Ballston Lake,12019,42.93436,-73.812305,USA,NY,2018,23.94,Half Bottle (375ml),Half Bottle ,375ml,https://www.wine-searcher.com/redirect?from_type_F=A&from_page_F=1462&wine_id_F=21821858&wine_name_id_F=85261&merchant_id_F=1801&price_F=17.436834&page_no_F=1&line_no_F=2&ebp_price_F=34.87367&bot_size_F=Half+Bottle+%28375ml%29&design_F=&offer_type_F=R&tax_status_F=ex.+sales+tax&Xwinename=duckhorn+vineyard+napa+merlot&Xvintage_F=2018&Xlocation=USA&Xcurrencycode=USD
2,Hi-Time Wine Cellars,"Retail wine, beer and spirits shop specializing in Californian, French and World Wines. ex. sales tax","250 Ogle Street, Costa Mesa, CA 92627", Costa Mesa, Costa Mesa,92627,33.6329,-117.918368,USA,CA,2018,23.99,Half Bottle (375ml),Half Bottle ,375ml,https://www.wine-searcher.com/redirect?from_type_F=A&from_page_F=1462&wine_id_F=4115921&wine_name_id_F=85261&merchant_id_F=313&price_F=17.473253&page_no_F=1&line_no_F=3&ebp_price_F=34.946507&bot_size_F=Half+Bottle+%28375ml%29&design_F=&offer_type_F=R&tax_status_F=ex.+sales+tax&Xwinename=duckhorn+vineyard+napa+merlot&Xvintage_F=2018&Xlocation=USA&Xcurrencycode=USD
3,Woods Wholesale Wine,Michigan's #1 Wine & Spirits Retailer. ex. sales tax,"20787 Mack Avenue, Grosse Pointe Woods, MI 48236", Grosse Pointe Woods, Grosse Pointe Woods,48236,42.445356,-82.906895,USA,MI,2018,24.94,Half Bottle (375ml),Half Bottle ,375ml,https://www.wine-searcher.com/redirect?from_type_F=A&from_page_F=1462&wine_id_F=4115198&wine_name_id_F=85261&merchant_id_F=3279&price_F=18.16519&page_no_F=1&line_no_F=4&ebp_price_F=36.33038&bot_size_F=Half+Bottle+%28375ml%29&design_F=&offer_type_F=R&tax_status_F=ex.+sales+tax&Xwinename=duckhorn+vineyard+napa+merlot&Xvintage_F=2018&Xlocation=USA&Xcurrencycode=USD
4,K&L Wine Merchants,Wine merchant established in 1976. ex. sales tax,"3005 El Camino Real, Redwood City, CA 94061", Redwood City, Redwood City,94061,37.468422,-122.210258,USA,CA,2018,24.95,Half Bottle (375ml),Half Bottle ,375ml,https://www.wine-searcher.com/redirect?from_type_F=A&from_page_F=1462&wine_id_F=4115431&wine_name_id_F=85261&merchant_id_F=40&price_F=18.172474&page_no_F=1&line_no_F=5&ebp_price_F=36.344948&bot_size_F=Half+Bottle+%28375ml%29&design_F=&offer_type_F=R&tax_status_F=ex.+sales+tax&Xwinename=duckhorn+vineyard+napa+merlot&Xvintage_F=2018&Xlocation=USA&Xcurrencycode=USD
5,Wine House,"Wine retailer serving customers from around the world for over 35 years from their 18,000 square foot facility. ex. sales tax","2311 Cotner Avenue, Los Angeles, CA 90064", Los Angeles, Los Angeles,90064,34.037552,-118.438123,USA,CA,2018,24.99,Half Bottle (375ml),Half Bottle ,375ml,https://www.wine-searcher.com/redirect?from_type_F=A&from_page_F=1462&wine_id_F=4115509&wine_name_id_F=85261&merchant_id_F=170&price_F=18.201609&page_no_F=1&line_no_F=6&ebp_price_F=36.403217&bot_size_F=Half+Bottle+%28375ml%29&design_F=&offer_type_F=R&tax_status_F=ex.+sales+tax&Xwinename=duckhorn+vineyard+napa+merlot&Xvintage_F=2018&Xlocation=USA&Xcurrencycode=USD
6,JJ Buckley Fine Wines,Online wine retailer. ex. sales tax,"Suite J, 7307 Edgewater Drive, Oakland, CA 94621", 7307 Edgewater Drive, Oakland,94621,37.74495,-122.207771,USA,CA,2018,25.94,Half Bottle (375ml),Half Bottle ,375ml,https://www.wine-searcher.com/redirect?from_type_F=A&from_page_F=1462&wine_id_F=4115324&wine_name_id_F=85261&merchant_id_F=11587&price_F=18.893547&page_no_F=1&line_no_F=7&ebp_price_F=37.787094&bot_size_F=Half+Bottle+%28375ml%29&design_F=&offer_type_F=R&tax_status_F=ex.+sales+tax&Xwinename=duckhorn+vineyard+napa+merlot&Xvintage_F=2018&Xlocation=USA&Xcurrencycode=USD
7,Rye Brook Wine & Spirit Shop,Speciality wine and spirits merchant. ex. sales tax,"259 S Ridge St, Rye Brook, Port Chester, NY 10573", Rye Brook, Port Chester,10573,40.999709,-73.680962,USA,NY,2018,25.98,Half Bottle (375ml),Half Bottle ,375ml,https://www.wine-searcher.com/redirect?from_type_F=A&from_page_F=1462&wine_id_F=4115702&wine_name_id_F=85261&merchant_id_F=13021&price_F=18.92268&page_no_F=1&line_no_F=8&ebp_price_F=37.84536&bot_size_F=Half+Bottle+%28375ml%29&design_F=&offer_type_F=R&tax_status_F=ex.+sales+tax&Xwinename=duckhorn+vineyard+napa+merlot&Xvintage_F=2018&Xlocation=USA&Xcurrencycode=USD
8,NapaCabs,Family owned wine retailer and restaurant established in 1995. ex. sales tax,"Suite A, 901 W Foothill Blvd, Upland, CA 91786", 901 W Foothill Blvd, Upland,91786,34.108503,-117.662926,USA,CA,2018,25.99,Half Bottle (375ml),Half Bottle ,375ml,https://www.wine-searcher.com/redirect?from_type_F=A&from_page_F=1462&wine_id_F=4115062&wine_name_id_F=85261&merchant_id_F=1112&price_F=18.929964&page_no_F=1&line_no_F=9&ebp_price_F=37.85993&bot_size_F=Half+Bottle+%28375ml%29&design_F=&offer_type_F=R&tax_status_F=ex.+sales+tax&Xwinename=duckhorn+vineyard+napa+merlot&Xvintage_F=2018&Xlocation=USA&Xcurrencycode=USD
9,Citarella Wines & Spirits - Greenwich,"Full service wine & spirits shop with a extensive collection from around the world. Focused on service and hospitality. In store shopping, curbside pickup, & same-day delivery in Greenwich. ex. sales tax","600 West Putnam Avenue, Greenwich, CT 06831", Greenwich, Greenwich,6831,41.0176,-73.646171,USA,CT,2018,26.99,Half Bottle (375ml),Half Bottle ,375ml,https://www.wine-searcher.com/redirect?from_type_F=A&from_page_F=1462&wine_id_F=4116030&wine_name_id_F=85261&merchant_id_F=147446&price_F=19.65832&page_no_F=1&line_no_F=10&ebp_price_F=39.31664&bot_size_F=Half+Bottle+%28375ml%29&design_F=&offer_type_F=R&tax_status_F=ex.+sales+tax&Xwinename=duckhorn+vineyard+napa+merlot&Xvintage_F=2018&Xlocation=USA&Xcurrencycode=USD
10,Gillette Ridge Wine & Spirits,Specialty wine store. ex. sales tax,"860 Cottage Grove Road, Bloomfield, CT 06002", Bloomfield, Bloomfield,6002,41.81694,-72.738027,USA,CT,2018,27.99,Half Bottle (375ml),Half Bottle ,375ml,https://www.wine-searcher.com/redirect?from_type_F=A&from_page_F=1462&wine_id_F=4116017&wine_name_id_F=85261&merchant_id_F=13689&price_F=20.386675&page_no_F=1&line_no_F=11&ebp_price_F=40.77335&bot_size_F=Half+Bottle+%28375ml%29&design_F=&offer_type_F=R&tax_status_F=ex.+sales+tax&Xwinename=duckhorn+vineyard+napa+merlot&Xvintage_F=2018&Xlocation=USA&Xcurrencycode=USD
11,Wally's Wine & Spirits,Online wine merchant. ex. sales tax,"10459 Jefferson Blvd. Culver City, Los Angeles, CA, 90232", Los Angeles, Los Angeles,90232,34.00706,-118.392573,USA,CA,2018,28.0,Half Bottle (375ml),Half Bottle ,375ml,https://www.wine-searcher.com/redirect?from_type_F=A&from_page_F=1462&wine_id_F=4115244&wine_name_id_F=85261&merchant_id_F=287&price_F=20.393959&page_no_F=1&line_no_F=12&ebp_price_F=40.787918&bot_size_F=Half+Bottle+%28375ml%29&design_F=&offer_type_F=R&tax_status_F=ex.+sales+tax&Xwinename=duckhorn+vineyard+napa+merlot&Xvintage_F=2018&Xlocation=USA&Xcurrencycode=USD
12,Garnet Wines & Liquors,Merchant with a large selection of fine wine and spirits. ex. sales tax,"929 Lexington Avenue, New York, NY 10065", New York, New York,10065,40.76796,-73.963744,USA,NY,2018,28.79,Half Bottle (375ml),Half Bottle ,375ml,https://www.wine-searcher.com/redirect?from_type_F=A&from_page_F=1462&wine_id_F=18641786&wine_name_id_F=85261&merchant_id_F=307&price_F=20.96936&page_no_F=1&line_no_F=13&ebp_price_F=41.93872&bot_size_F=Half+Bottle+%28375ml%29&design_F=&offer_type_F=R&tax_status_F=ex.+sales+tax&Xwinename=duckhorn+vineyard+napa+merlot&Xvintage_F=2018&Xlocation=USA&Xcurrencycode=USD
13,67 Wine & Spirits NY,Fine wine and spirits merchant. ex. sales tax,"179 Columbus Avenue, New York, NY 10023", New York, New York,10023,40.774645,-73.980565,USA,NY,2018,28.99,Half Bottle (375ml),Half Bottle ,375ml,https://www.wine-searcher.com/redirect?from_type_F=A&from_page_F=1462&wine_id_F=4116008&wine_name_id_F=85261&merchant_id_F=955&price_F=21.11503&page_no_F=1&line_no_F=14&ebp_price_F=42.23006&bot_size_F=Half+Bottle+%28375ml%29&design_F=&offer_type_F=R&tax_status_F=ex.+sales+tax&Xwinename=duckhorn+vineyard+napa+merlot&Xvintage_F=2018&Xlocation=USA&Xcurrencycode=USD
14,The Corkery Wine & Spirits,Wine merchant. ex. sales tax,"15 Bridge Street, New York, NY 10004", New York, New York,10004,40.703595,-74.012704,USA,NY,2018,29.99,Half Bottle (375ml),Half Bottle ,375ml,https://www.wine-searcher.com/redirect?from_type_F=A&from_page_F=1462&wine_id_F=4115577&wine_name_id_F=85261&merchant_id_F=15206&price_F=21.843386&page_no_F=1&line_no_F=15&ebp_price_F=43.68677&bot_size_F=Half+Bottle+%28375ml%29&design_F=&offer_type_F=R&tax_status_F=ex.+sales+tax&Xwinename=duckhorn+vineyard+napa+merlot&Xvintage_F=2018&Xlocation=USA&Xcurrencycode=USD
15,WineBid,Weekly online auctions that close every Sunday. fees apply,"755 Skyway Court, Napa, CA 94558", Napa, Napa,94558,38.217995,-122.265467,USA,CA,2018,30.0,Bottle (750ml),Bottle ,750ml,https://www.wine-searcher.com/redirect?from_type_F=A&from_page_F=1462&wine_id_F=20223691&wine_name_id_F=85261&merchant_id_F=362&price_F=21.85067&page_no_F=1&line_no_F=16&ebp_price_F=21.85067&bot_size_F=Bottle+%28750ml%29&design_F=&offer_type_F=A&tax_status_F=fees+apply&Xwinename=duckhorn+vineyard+napa+merlot&Xvintage_F=2018&Xlocation=USA&Xcurrencycode=USD
16,Yiannis Wine,Wine shop. ex. sales tax,"401 N Great Neck Rd #123, Virginia Beach, VA 23454", Virginia Beach, Virginia Beach,23454,36.845732,-76.049339,USA,VA,2018,31.99,Half Bottle (375ml),Half Bottle ,375ml,https://www.wine-searcher.com/redirect?from_type_F=A&from_page_F=1462&wine_id_F=4115652&wine_name_id_F=85261&merchant_id_F=126267&price_F=23.300098&page_no_F=1&line_no_F=17&ebp_price_F=46.600197&bot_size_F=Half+Bottle+%28375ml%29&design_F=&offer_type_F=R&tax_status_F=ex.+sales+tax&Xwinename=duckhorn+vineyard+napa+merlot&Xvintage_F=2018&Xlocation=USA&Xcurrencycode=USD
17,Michael Towne Wines & Spirits,Wine and spirits retail. ex. sales tax,"73 Clark Street, Brooklyn, NY 11201", Brooklyn, Brooklyn,11201,40.69761,-73.993238,USA,NY,2018,34.99,Half Bottle (375ml),Half Bottle ,375ml,https://www.wine-searcher.com/redirect?from_type_F=A&from_page_F=1462&wine_id_F=4115321&wine_name_id_F=85261&merchant_id_F=67783&price_F=25.485165&page_no_F=1&line_no_F=18&ebp_price_F=50.97033&bot_size_F=Half+Bottle+%28375ml%29&design_F=&offer_type_F=R&tax_status_F=ex.+sales+tax&Xwinename=duckhorn+vineyard+napa+merlot&Xvintage_F=2018&Xlocation=USA&Xcurrencycode=USD
18,Clever Wine Online,Online Wine merchant. ex. sales tax,"374 Windsor Highway Vails Gate, NY 12584", NY 12584,374 Windsor Highway Vails Gate,12584,41.459342,-74.056083,USA,NY,2018,38.99,Bottle (750ml),Bottle ,750ml,https://www.wine-searcher.com/redirect?from_type_F=A&from_page_F=1462&wine_id_F=4116033&wine_name_id_F=85261&merchant_id_F=149345&price_F=28.398588&page_no_F=1&line_no_F=19&ebp_price_F=28.398588&bot_size_F=Bottle+%28750ml%29&design_F=&offer_type_F=R&tax_status_F=ex.+sales+tax&Xwinename=duckhorn+vineyard+napa+merlot&Xvintage_F=2018&Xlocation=USA&Xcurrencycode=USD
19,Woods Wholesale Wine,Michigan's #1 Wine & Spirits Retailer. ex. sales tax,"20787 Mack Avenue, Grosse Pointe Woods, MI 48236", Grosse Pointe Woods, Grosse Pointe Woods,48236,42.445356,-82.906895,USA,MI,2018,39.94,Bottle (750ml),Bottle ,750ml,https://www.wine-searcher.com/redirect?from_type_F=A&from_page_F=1462&wine_id_F=4115566&wine_name_id_F=85261&merchant_id_F=3279&price_F=29.090525&page_no_F=1&line_no_F=20&ebp_price_F=29.090525&bot_size_F=Bottle+%28750ml%29&design_F=&offer_type_F=R&tax_status_F=ex.+sales+tax&Xwinename=duckhorn+vineyard+napa+merlot&Xvintage_F=2018&Xlocation=USA&Xcurrencycode=USD
20,Malibu Liquor & Wine,Retail. ex. sales tax,"4937 Las Virgenes Rd Calabasas, CA 91302", CA 91302,4937 Las Virgenes Rd Calabasas,91302,34.147186,-118.698617,USA,CA,2018,39.95,Bottle (750ml),Bottle ,750ml,https://www.wine-searcher.com/redirect?from_type_F=A&from_page_F=1462&wine_id_F=4115525&wine_name_id_F=85261&merchant_id_F=139463&price_F=29.097809&page_no_F=1&line_no_F=21&ebp_price_F=29.097809&bot_size_F=Bottle+%28750ml%29&design_F=&offer_type_F=R&tax_status_F=ex.+sales+tax&Xwinename=duckhorn+vineyard+napa+merlot&Xvintage_F=2018&Xlocation=USA&Xcurrencycode=USD
21,Bella Vino Wine Market,"Wine retailer, established 2005. ex. sales tax","100 Indian Rocks Road N., Belleair Bluffs, FL 33770", Belleair Bluffs, Belleair Bluffs,33770,27.917957,-82.817059,USA,FL,2018,39.95,Bottle (750ml),Bottle ,750ml,https://www.wine-searcher.com/redirect?from_type_F=A&from_page_F=1462&wine_id_F=4115486&wine_name_id_F=85261&merchant_id_F=26127&price_F=29.097809&page_no_F=1&line_no_F=22&ebp_price_F=29.097809&bot_size_F=Bottle+%28750ml%29&design_F=&offer_type_F=R&tax_status_F=ex.+sales+tax&Xwinename=duckhorn+vineyard+napa+merlot&Xvintage_F=2018&Xlocation=USA&Xcurrencycode=USD
22,EmpireWine.com,New York based liquor and wine store. ex. sales tax,"Northway Mall/Target Plaza, 1440 Central Avenue, Albany, NY 12205", 1440 Central Avenue, Albany,12205,42.707621,-73.822779,USA,NY,2018,39.95,Bottle (750ml),Bottle ,750ml,https://www.wine-searcher.com/redirect?from_type_F=A&from_page_F=1462&wine_id_F=4115513&wine_name_id_F=85261&merchant_id_F=4130&price_F=29.097809&page_no_F=1&line_no_F=23&ebp_price_F=29.097809&bot_size_F=Bottle+%28750ml%29&design_F=&offer_type_F=R&tax_status_F=ex.+sales+tax&Xwinename=duckhorn+vineyard+napa+merlot&Xvintage_F=2018&Xlocation=USA&Xcurrencycode=USD
23,"Total Wine & More, Bellevue","Wine, beer and spirits retailer. ex. sales tax","Unit B, 699 120th Avenue, Bellevue, WA 98005", 699 120th Avenue, Bellevue,98005,47.615805,-122.182142,USA,WA,2018,40.99,Bottle (750ml),Bottle ,750ml,https://www.wine-searcher.com/redirect?from_type_F=A&from_page_F=1462&wine_id_F=4115760&wine_name_id_F=85261&merchant_id_F=52502&price_F=29.855299&page_no_F=1&line_no_F=24&ebp_price_F=29.855299&bot_size_F=Bottle+%28750ml%29&design_F=&offer_type_F=R&tax_status_F=ex.+sales+tax&Xwinename=duckhorn+vineyard+napa+merlot&Xvintage_F=2018&Xlocation=USA&Xcurrencycode=USD
24,Pogo's Liquor Inc.,"Fine wine, liquor, beer and ale. ex. sales tax","Suite 200, 5360 West Lovers Lane, Dallas, TX 75209", 5360 West Lovers Lane, Dallas,75209,32.85015,-96.820319,USA,TX,2017,29.99,Half Bottle (375ml),Half Bottle ,375ml,https://www.wine-searcher.com/redirect?from_type_F=A&from_page_F=1462&wine_id_F=4116199&wine_name_id_F=85261&merchant_id_F=4203&price_F=21.843386&page_no_F=1&line_no_F=1&ebp_price_F=43.68677&bot_size_F=Half+Bottle+%28375ml%29&design_F=&offer_type_F=R&tax_status_F=ex.+sales+tax&Xwinename=duckhorn+vineyard+napa+merlot&Xvintage_F=2017&Xlocation=USA&Xcurrencycode=USD
25,Hookedonwine,Purveyors of fine and vintage wines. ex. sales tax,"3805 West 42nd Avenue, Kennewick, WA 99337", Kennewick, Kennewick,99337,46.17233,-119.175046,USA,WA,2017,34.95,Bottle (750ml),Bottle ,750ml,https://www.wine-searcher.com/redirect?from_type_F=A&from_page_F=1462&wine_id_F=4115826&wine_name_id_F=85261&merchant_id_F=14438&price_F=25.45603&page_no_F=1&line_no_F=2&ebp_price_F=25.45603&bot_size_F=Bottle+%28750ml%29&design_F=&offer_type_F=R&tax_status_F=ex.+sales+tax&Xwinename=duckhorn+vineyard+napa+merlot&Xvintage_F=2017&Xlocation=USA&Xcurrencycode=USD
26,The House of Glunz,Merchants of fine wines & spirits since 1888. ex. sales tax,"1206 North Wells Street, Chicago, IL 60610", Chicago, Chicago,60610,41.904113,-87.634631,USA,IL,2017,39.99,Bottle (750ml),Bottle ,750ml,https://www.wine-searcher.com/redirect?from_type_F=A&from_page_F=1462&wine_id_F=4115065&wine_name_id_F=85261&merchant_id_F=7477&price_F=29.126944&page_no_F=1&line_no_F=3&ebp_price_F=29.126944&bot_size_F=Bottle+%28750ml%29&design_F=&offer_type_F=R&tax_status_F=ex.+sales+tax&Xwinename=duckhorn+vineyard+napa+merlot&Xvintage_F=2017&Xlocation=USA&Xcurrencycode=USD
27,K&L Wine Merchants,Wine merchant established in 1976. ex. sales tax,"3005 El Camino Real, Redwood City, CA 94061", Redwood City, Redwood City,94061,37.468422,-122.210258,USA,CA,2017,39.99,Bottle (750ml),Bottle ,750ml,https://www.wine-searcher.com/redirect?from_type_F=A&from_page_F=1462&wine_id_F=4115990&wine_name_id_F=85261&merchant_id_F=40&price_F=29.126944&page_no_F=1&line_no_F=4&ebp_price_F=29.126944&bot_size_F=Bottle+%28750ml%29&design_F=&offer_type_F=R&tax_status_F=ex.+sales+tax&Xwinename=duckhorn+vineyard+napa+merlot&Xvintage_F=2017&Xlocation=USA&Xcurrencycode=USD
28,Lighthouse Wine & Spirits,"The North Shore's destination wine, beer and liquor retailer. ex. sales tax","144 Brimbal Ave, Beverly, MA 01915", Beverly, Beverly,1915,42.575619,-70.879509,USA,MA,2017,39.99,Bottle (750ml),Bottle ,750ml,https://www.wine-searcher.com/redirect?from_type_F=A&from_page_F=1462&wine_id_F=4116027&wine_name_id_F=85261&merchant_id_F=144327&price_F=29.126944&page_no_F=1&line_no_F=5&ebp_price_F=29.126944&bot_size_F=Bottle+%28750ml%29&design_F=&offer_type_F=R&tax_status_F=ex.+sales+tax&Xwinename=duckhorn+vineyard+napa+merlot&Xvintage_F=2017&Xlocation=USA&Xcurrencycode=USD
29,World Class Wine,Wine retailer. ex. sales tax,"1990 Westwood Blvd, Suite 115, Los Angeles, CA 90025", Suite 115, Los Angeles,90025,34.046991,-118.434063,USA,CA,2017,41.95,Bottle (750ml),Bottle ,750ml,https://www.wine-searcher.com/redirect?from_type_F=A&from_page_F=1462&wine_id_F=4115028&wine_name_id_F=85261&merchant_id_F=19987&price_F=30.55452&page_no_F=1&line_no_F=6&ebp_price_F=30.55452&bot_size_F=Bottle+%28750ml%29&design_F=&offer_type_F=R&tax_status_F=ex.+sales+tax&Xwinename=duckhorn+vineyard+napa+merlot&Xvintage_F=2017&Xlocation=USA&Xcurrencycode=USD
30,Basser's Fine Wine,Wine merchant. ex. sales tax,"6240 Coral Ridge Dr #109, Coral Springs, FL 33076", Coral Springs, Coral Springs,33076,26.307353,-80.280782,USA,FL,2017,41.99,Bottle (750ml),Bottle ,750ml,https://www.wine-searcher.com/redirect?from_type_F=A&from_page_F=1462&wine_id_F=4115021&wine_name_id_F=85261&merchant_id_F=143220&price_F=30.583654&page_no_F=1&line_no_F=7&ebp_price_F=30.583654&bot_size_F=Bottle+%28750ml%29&design_F=&offer_type_F=R&tax_status_F=ex.+sales+tax&Xwinename=duckhorn+vineyard+napa+merlot&Xvintage_F=2017&Xlocation=USA&Xcurrencycode=USD
31,Cork Wine Online,Wine merchant. ex. sales tax,"433 Parkbreeze Ct, Orlando, FL 32808", Orlando, Orlando,32808,28.597811,-81.421671,USA,FL,2017,41.99,Bottle (750ml),Bottle ,750ml,https://www.wine-searcher.com/redirect?from_type_F=A&from_page_F=1462&wine_id_F=4115284&wine_name_id_F=85261&merchant_id_F=58906&price_F=30.583654&page_no_F=1&line_no_F=8&ebp_price_F=30.583654&bot_size_F=Bottle+%28750ml%29&design_F=&offer_type_F=R&tax_status_F=ex.+sales+tax&Xwinename=duckhorn+vineyard+napa+merlot&Xvintage_F=2017&Xlocation=USA&Xcurrencycode=USD
32,Luekens Wine & Spirits,"Fine Wine, Wine, Liquor, Cigars, and Craft Beers. ex. sales tax","1410 Main Street, Dunedin, Fl 34698", Dunedin, Dunedin,34698,28.01971,-82.767483,USA,FL,2017,42.99,Bottle (750ml),Bottle ,750ml,https://www.wine-searcher.com/redirect?from_type_F=A&from_page_F=1462&wine_id_F=4115668&wine_name_id_F=85261&merchant_id_F=16971&price_F=31.31201&page_no_F=1&line_no_F=9&ebp_price_F=31.31201&bot_size_F=Bottle+%28750ml%29&design_F=&offer_type_F=R&tax_status_F=ex.+sales+tax&Xwinename=duckhorn+vineyard+napa+merlot&Xvintage_F=2017&Xlocation=USA&Xcurrencycode=USD
33,B-21,Wine merchant established in 1948. ex. sales tax,"43380 US Highway 19 North, Tarpon Springs, FL 34689", Tarpon Springs, Tarpon Springs,34689,28.165844,-82.74105,USA,FL,2017,42.99,Bottle (750ml),Bottle ,750ml,https://www.wine-searcher.com/redirect?from_type_F=A&from_page_F=1462&wine_id_F=4115522&wine_name_id_F=85261&merchant_id_F=34&price_F=31.31201&page_no_F=1&line_no_F=10&ebp_price_F=31.31201&bot_size_F=Bottle+%28750ml%29&design_F=&offer_type_F=R&tax_status_F=ex.+sales+tax&Xwinename=duckhorn+vineyard+napa+merlot&Xvintage_F=2017&Xlocation=USA&Xcurrencycode=USD
34,Mid Valley Wine & Liquor,Family-owned business started over 50 years ago. ex. sales tax,"Suite 1, 39 North Plank Road, Newburgh, NY 12550", 39 North Plank Road, Newburgh,12550,41.520878,-74.02891,USA,NY,2017,43.99,Bottle (750ml),Bottle ,750ml,https://www.wine-searcher.com/redirect?from_type_F=A&from_page_F=1462&wine_id_F=4116203&wine_name_id_F=85261&merchant_id_F=14080&price_F=32.040367&page_no_F=1&line_no_F=11&ebp_price_F=32.040367&bot_size_F=Bottle+%28750ml%29&design_F=&offer_type_F=R&tax_status_F=ex.+sales+tax&Xwinename=duckhorn+vineyard+napa+merlot&Xvintage_F=2017&Xlocation=USA&Xcurrencycode=USD
35,WineDeals.com Premier Wine & Spirits,New York based wine retailer. ex. sales tax,"3900 Maple Road, Amherst, NY 14226", Amherst, Amherst,14226,42.991782,-78.819546,USA,NY,2017,43.99,Bottle (750ml),Bottle ,750ml,https://www.wine-searcher.com/redirect?from_type_F=A&from_page_F=1462&wine_id_F=4115250&wine_name_id_F=85261&merchant_id_F=1189&price_F=32.040367&page_no_F=1&line_no_F=12&ebp_price_F=32.040367&bot_size_F=Bottle+%28750ml%29&design_F=&offer_type_F=R&tax_status_F=ex.+sales+tax&Xwinename=duckhorn+vineyard+napa+merlot&Xvintage_F=2017&Xlocation=USA&Xcurrencycode=USD
36,Spectrum Wine Retail,Wine retailer. ex. sales tax,1641 E Saint Andrew Pl Santa Ana CA 92705,,,92705,33.724384,-117.846824,USA,CA,2017,44.95,Bottle (750ml),Bottle ,750ml,https://www.wine-searcher.com/redirect?from_type_F=A&from_page_F=1462&wine_id_F=4115335&wine_name_id_F=85261&merchant_id_F=54913&price_F=32.739586&page_no_F=1&line_no_F=13&ebp_price_F=32.739586&bot_size_F=Bottle+%28750ml%29&design_F=&offer_type_F=R&tax_status_F=ex.+sales+tax&Xwinename=duckhorn+vineyard+napa+merlot&Xvintage_F=2017&Xlocation=USA&Xcurrencycode=USD
37,Vintage Wines,Wine retailer. ex. sales tax,"Suite 101, 6904 Miramar Road, San Diego CA 92121", 6904 Miramar Road, 6904 Miramar Road,92121,32.879193,-117.167472,USA,CA,2017,44.95,Bottle (750ml),Bottle ,750ml,https://www.wine-searcher.com/redirect?from_type_F=A&from_page_F=1462&wine_id_F=4115179&wine_name_id_F=85261&merchant_id_F=2905&price_F=32.739586&page_no_F=1&line_no_F=14&ebp_price_F=32.739586&bot_size_F=Bottle+%28750ml%29&design_F=&offer_type_F=R&tax_status_F=ex.+sales+tax&Xwinename=duckhorn+vineyard+napa+merlot&Xvintage_F=2017&Xlocation=USA&Xcurrencycode=USD
38,Suburban Wines,Fine wine and spirits merchant established in 1958. ex. sales tax,"379 Downing Drive, Yorktown Heights, NY 10598", Yorktown Heights, Yorktown Heights,10598,41.273092,-73.780712,USA,NY,2017,44.97,Bottle (750ml),Bottle ,750ml,https://www.wine-searcher.com/redirect?from_type_F=A&from_page_F=1462&wine_id_F=4116189&wine_name_id_F=85261&merchant_id_F=565&price_F=32.754154&page_no_F=1&line_no_F=15&ebp_price_F=32.754154&bot_size_F=Bottle+%28750ml%29&design_F=&offer_type_F=R&tax_status_F=ex.+sales+tax&Xwinename=duckhorn+vineyard+napa+merlot&Xvintage_F=2017&Xlocation=USA&Xcurrencycode=USD
39,Martin Wine Cellar,"Fine wine, spirits, craft beer, and gourmet food retailer in New Orleans and surrounding areas. ex. sales tax","3827 Baronne Street, New Orleans, LA 70115", New Orleans, New Orleans,70115,29.929226,-90.096656,USA,LA,2017,44.97,Bottle (750ml),Bottle ,750ml,https://www.wine-searcher.com/redirect?from_type_F=A&from_page_F=1462&wine_id_F=21805285&wine_name_id_F=85261&merchant_id_F=173&price_F=32.754154&page_no_F=1&line_no_F=16&ebp_price_F=32.754154&bot_size_F=Bottle+%28750ml%29&design_F=&offer_type_F=R&tax_status_F=ex.+sales+tax&Xwinename=duckhorn+vineyard+napa+merlot&Xvintage_F=2017&Xlocation=USA&Xcurrencycode=USD
40,Yankee Spirits,Wine merchant. no sales tax applies,"376 Main Street, Sturbridge, MA 01566", Sturbridge, Sturbridge,1566,42.111703,-72.091277,USA,MA,2017,44.98,Bottle (750ml),Bottle ,750ml,https://www.wine-searcher.com/redirect?from_type_F=A&from_page_F=1462&wine_id_F=4115791&wine_name_id_F=85261&merchant_id_F=16104&price_F=32.761436&page_no_F=1&line_no_F=17&ebp_price_F=32.761436&bot_size_F=Bottle+%28750ml%29&design_F=&offer_type_F=R&tax_status_F=no+sales+tax+applies&Xwinename=duckhorn+vineyard+napa+merlot&Xvintage_F=2017&Xlocation=USA&Xcurrencycode=USD
41,Allendale Wine Shoppe,Wine and liquor retailer. ex. sales tax,"101 W Allendale Avenue, Allendale, NJ 07401", Allendale, Allendale,7401,41.030372,-74.129645,USA,NJ,2017,44.99,Bottle (750ml),Bottle ,750ml,https://www.wine-searcher.com/redirect?from_type_F=A&from_page_F=1462&wine_id_F=4115650&wine_name_id_F=85261&merchant_id_F=46497&price_F=32.768723&page_no_F=1&line_no_F=18&ebp_price_F=32.768723&bot_size_F=Bottle+%28750ml%29&design_F=&offer_type_F=R&tax_status_F=ex.+sales+tax&Xwinename=duckhorn+vineyard+napa+merlot&Xvintage_F=2017&Xlocation=USA&Xcurrencycode=USD
42,Plucky Wines,Featuring an extensive wine collection. ex. sales tax,"359 Hwy 202/206 South, Bedminster, NJ 07921", Bedminster, Bedminster,7921,40.649737,-74.643211,USA,NJ,2017,44.99,Bottle (750ml),Bottle ,750ml,https://www.wine-searcher.com/redirect?from_type_F=A&from_page_F=1462&wine_id_F=4116204&wine_name_id_F=85261&merchant_id_F=14292&price_F=32.768723&page_no_F=1&line_no_F=19&ebp_price_F=32.768723&bot_size_F=Bottle+%28750ml%29&design_F=&offer_type_F=R&tax_status_F=ex.+sales+tax&Xwinename=duckhorn+vineyard+napa+merlot&Xvintage_F=2017&Xlocation=USA&Xcurrencycode=USD
43,International Wine Shop,Wine merchant with a selection of wine from across the globe. ex. sales tax,"732 Post Road East, Westport, CT 06880", Westport, Westport,6880,41.137505,-73.341613,USA,CT,2017,44.99,Bottle (750ml),Bottle ,750ml,https://www.wine-searcher.com/redirect?from_type_F=A&from_page_F=1462&wine_id_F=4115148&wine_name_id_F=85261&merchant_id_F=14852&price_F=32.768723&page_no_F=1&line_no_F=20&ebp_price_F=32.768723&bot_size_F=Bottle+%28750ml%29&design_F=&offer_type_F=R&tax_status_F=ex.+sales+tax&Xwinename=duckhorn+vineyard+napa+merlot&Xvintage_F=2017&Xlocation=USA&Xcurrencycode=USD
44,Wine Anthology,Online wine retail store. ex. sales tax,"1075 Raritan Road Clark, NJ 07066", NJ 07066,1075 Raritan Road Clark,7066,40.627766,-74.314104,USA,NJ,2017,44.99,Bottle (750ml),Bottle ,750ml,https://www.wine-searcher.com/redirect?from_type_F=A&from_page_F=1462&wine_id_F=4115070&wine_name_id_F=85261&merchant_id_F=5825&price_F=32.768723&page_no_F=1&line_no_F=21&ebp_price_F=32.768723&bot_size_F=Bottle+%28750ml%29&design_F=&offer_type_F=R&tax_status_F=ex.+sales+tax&Xwinename=duckhorn+vineyard+napa+merlot&Xvintage_F=2017&Xlocation=USA&Xcurrencycode=USD
45,WineWorks Online,Online wine merchant. ex. sales tax,"319 Route 70, Marlton, NJ 08053", Marlton, Marlton,8053,39.89485,-74.93409,USA,NJ,2017,45.98,Bottle (750ml),Bottle ,750ml,https://www.wine-searcher.com/redirect?from_type_F=A&from_page_F=1462&wine_id_F=4116209&wine_name_id_F=85261&merchant_id_F=22584&price_F=33.489796&page_no_F=1&line_no_F=22&ebp_price_F=33.489796&bot_size_F=Bottle+%28750ml%29&design_F=&offer_type_F=R&tax_status_F=ex.+sales+tax&Xwinename=duckhorn+vineyard+napa+merlot&Xvintage_F=2017&Xlocation=USA&Xcurrencycode=USD
46,PJ Wine,Fine wine and spirits retailer. ex. sales tax,"4898 Broadway, New York, NY 10034", New York, New York,10034,40.866958,-73.922198,USA,NY,2017,46.97,Bottle (750ml),Bottle ,750ml,https://www.wine-searcher.com/redirect?from_type_F=A&from_page_F=1462&wine_id_F=19814529&wine_name_id_F=85261&merchant_id_F=1152&price_F=34.210865&page_no_F=1&line_no_F=23&ebp_price_F=34.210865&bot_size_F=Bottle+%28750ml%29&design_F=&offer_type_F=R&tax_status_F=ex.+sales+tax&Xwinename=duckhorn+vineyard+napa+merlot&Xvintage_F=2017&Xlocation=USA&Xcurrencycode=USD
47,Vintage Wine Merchants,Californian based wine store with a range of vintages available. ex. sales tax,"Suite 1135, 377 Santana Row, San Jose, CA 95128", 377 Santana Row, San Jose,95128,37.319863,-121.948991,USA,CA,2017,46.98,Bottle (750ml),Bottle ,750ml,https://www.wine-searcher.com/redirect?from_type_F=A&from_page_F=1462&wine_id_F=18113173&wine_name_id_F=85261&merchant_id_F=5234&price_F=34.21815&page_no_F=1&line_no_F=24&ebp_price_F=34.21815&bot_size_F=Bottle+%28750ml%29&design_F=&offer_type_F=R&tax_status_F=ex.+sales+tax&Xwinename=duckhorn+vineyard+napa+merlot&Xvintage_F=2017&Xlocation=USA&Xcurrencycode=USD
48,Glendale Liquor,"Liquor store, sells wine and spirits. ex. sales tax","1311 E Colorado St, Glendale, CA 91205", Glendale, Glendale,91205,34.142875,-118.237198,USA,CA,2016,45.99,Bottle (750ml),Bottle ,750ml,https://www.wine-searcher.com/redirect?from_type_F=A&from_page_F=1462&wine_id_F=4114963&wine_name_id_F=85261&merchant_id_F=134445&price_F=33.497078&page_no_F=1&line_no_F=1&ebp_price_F=33.497078&bot_size_F=Bottle+%28750ml%29&design_F=&offer_type_F=R&tax_status_F=ex.+sales+tax&Xwinename=duckhorn+vineyard+napa+merlot&Xvintage_F=2016&Xlocation=USA&Xcurrencycode=USD
49,Internet Wines & Spirits,Online division for Illinois based store Randall's Wines and Spirits. ex. sales tax,"10800 Lincoln Trail, Fairview Heights, IL 62208", Fairview Heights, Fairview Heights,62208,38.592475,-89.991959,USA,IL,2016,47.99,Bottle (750ml),Bottle ,750ml,https://www.wine-searcher.com/redirect?from_type_F=A&from_page_F=1462&wine_id_F=4115534&wine_name_id_F=85261&merchant_id_F=390&price_F=34.95379&page_no_F=1&line_no_F=2&ebp_price_F=34.95379&bot_size_F=Bottle+%28750ml%29&design_F=&offer_type_F=R&tax_status_F=ex.+sales+tax&Xwinename=duckhorn+vineyard+napa+merlot&Xvintage_F=2016&Xlocation=USA&Xcurrencycode=USD
50,Mr.D,Fine and rare wine merchant. ex. sales tax,"3020 NW 7th Ave, Miami FL 33127", Miami FL 33127,3020 NW 7th Ave,33127,25.8054,-80.207523,USA,FL,2016,48.98,Bottle (750ml),Bottle ,750ml,https://www.wine-searcher.com/redirect?from_type_F=A&from_page_F=1462&wine_id_F=17140549&wine_name_id_F=85261&merchant_id_F=118990&price_F=35.674862&page_no_F=1&line_no_F=3&ebp_price_F=35.674862&bot_size_F=Bottle+%28750ml%29&design_F=&offer_type_F=R&tax_status_F=ex.+sales+tax&Xwinename=duckhorn+vineyard+napa+merlot&Xvintage_F=2016&Xlocation=USA&Xcurrencycode=USD
51,The Wine and Cheese Place,Specialty wine shop specializing in hard to get wines. ex. sales tax,"7435 Forsyth Boulevard, Clayton, St Louis, MO 63105", Clayton, St Louis,63105,38.649435,-90.329284,USA,MO,2016,48.99,Bottle (750ml),Bottle ,750ml,https://www.wine-searcher.com/redirect?from_type_F=A&from_page_F=1462&wine_id_F=4116202&wine_name_id_F=85261&merchant_id_F=12324&price_F=35.682144&page_no_F=1&line_no_F=4&ebp_price_F=35.682144&bot_size_F=Bottle+%28750ml%29&design_F=&offer_type_F=R&tax_status_F=ex.+sales+tax&Xwinename=duckhorn+vineyard+napa+merlot&Xvintage_F=2016&Xlocation=USA&Xcurrencycode=USD
52,Plum Market Chicago Wine,Wine merchant. ex. sales tax,"1233 N. Wells Street, Chicago, IL 60610", Chicago, Chicago,60610,41.904846,-87.634258,USA,IL,2016,49.99,Bottle (750ml),Bottle ,750ml,https://www.wine-searcher.com/redirect?from_type_F=A&from_page_F=1462&wine_id_F=18175356&wine_name_id_F=85261&merchant_id_F=63138&price_F=36.4105&page_no_F=1&line_no_F=5&ebp_price_F=36.4105&bot_size_F=Bottle+%28750ml%29&design_F=&offer_type_F=R&tax_status_F=ex.+sales+tax&Xwinename=duckhorn+vineyard+napa+merlot&Xvintage_F=2016&Xlocation=USA&Xcurrencycode=USD
53,Wine & Liquor Warehouse,Wine merchant. ex. sales tax,"465 Albany Turnpike, Canton, CT 06019", Canton, Canton,6019,41.836186,-72.926836,USA,CT,2016,49.99,Bottle (750ml),Bottle ,750ml,https://www.wine-searcher.com/redirect?from_type_F=A&from_page_F=1462&wine_id_F=4114961&wine_name_id_F=85261&merchant_id_F=62664&price_F=36.4105&page_no_F=1&line_no_F=6&ebp_price_F=36.4105&bot_size_F=Bottle+%28750ml%29&design_F=&offer_type_F=R&tax_status_F=ex.+sales+tax&Xwinename=duckhorn+vineyard+napa+merlot&Xvintage_F=2016&Xlocation=USA&Xcurrencycode=USD
54,WineBid,Weekly online auctions that close every Sunday. fees apply,"755 Skyway Court, Napa, CA 94558", Napa, Napa,94558,38.217995,-122.265467,USA,CA,2016,50.0,Bottle (750ml),Bottle ,750ml,https://www.wine-searcher.com/redirect?from_type_F=A&from_page_F=1462&wine_id_F=20223693&wine_name_id_F=85261&merchant_id_F=362&price_F=36.41778&page_no_F=1&line_no_F=7&ebp_price_F=36.41778&bot_size_F=Bottle+%28750ml%29&design_F=&offer_type_F=A&tax_status_F=fees+apply&Xwinename=duckhorn+vineyard+napa+merlot&Xvintage_F=2016&Xlocation=USA&Xcurrencycode=USD
55,Beverage Warehouse mi,Liquor wholesaler. ex. sales tax,"31111 Greenfield Rd, Beverly Hills, MI 48025", Beverly Hills, Beverly Hills,48025,42.51836,-83.204125,USA,MI,2016,54.99,Bottle (750ml),Bottle ,750ml,https://www.wine-searcher.com/redirect?from_type_F=A&from_page_F=1462&wine_id_F=4115200&wine_name_id_F=85261&merchant_id_F=143931&price_F=40.052277&page_no_F=1&line_no_F=8&ebp_price_F=40.052277&bot_size_F=Bottle+%28750ml%29&design_F=&offer_type_F=R&tax_status_F=ex.+sales+tax&Xwinename=duckhorn+vineyard+napa+merlot&Xvintage_F=2016&Xlocation=USA&Xcurrencycode=USD
56,Shawn Fine Wine and Spirits,Wine merchant. ex. sales tax,"141 7th Avenue, Brooklyn, NY 11215", Brooklyn, Brooklyn,11215,40.672693,-73.976371,USA,NY,2016,61.99,Bottle (750ml),Bottle ,750ml,https://www.wine-searcher.com/redirect?from_type_F=A&from_page_F=1462&wine_id_F=4116192&wine_name_id_F=85261&merchant_id_F=3371&price_F=45.15077&page_no_F=1&line_no_F=9&ebp_price_F=45.15077&bot_size_F=Bottle+%28750ml%29&design_F=&offer_type_F=R&tax_status_F=ex.+sales+tax&Xwinename=duckhorn+vineyard+napa+merlot&Xvintage_F=2016&Xlocation=USA&Xcurrencycode=USD
57,"Winfield-Flynn, Ltd.",Wine merchant. ex. sales tax,"558 Third Avenue, New York, NY 10016", New York, New York,10016,40.747609,-73.977116,USA,NY,2016,64.99,Bottle (750ml),Bottle ,750ml,https://www.wine-searcher.com/redirect?from_type_F=A&from_page_F=1462&wine_id_F=4116187&wine_name_id_F=85261&merchant_id_F=768&price_F=47.335835&page_no_F=1&line_no_F=10&ebp_price_F=47.335835&bot_size_F=Bottle+%28750ml%29&design_F=&offer_type_F=R&tax_status_F=ex.+sales+tax&Xwinename=duckhorn+vineyard+napa+merlot&Xvintage_F=2016&Xlocation=USA&Xcurrencycode=USD
58,Saratoga Wine Exchange,Retail wine store located in upstate New York. Over 17 years experience in sourcing and selling wines. Can ship to 42 states. ex. sales tax,"43 Round Lake Road, Ballston Lake, NY 12019", Ballston Lake, Ballston Lake,12019,42.93436,-73.812305,USA,NY,2016,109.94,Magnum (1.5L),Magnum ,1.5L,https://www.wine-searcher.com/redirect?from_type_F=A&from_page_F=1462&wine_id_F=21821857&wine_name_id_F=85261&merchant_id_F=1801&price_F=80.075424&page_no_F=1&line_no_F=11&ebp_price_F=40.037712&bot_size_F=Magnum+%281.5L%29&design_F=&offer_type_F=R&tax_status_F=ex.+sales+tax&Xwinename=duckhorn+vineyard+napa+merlot&Xvintage_F=2016&Xlocation=USA&Xcurrencycode=USD
59,Yiannis Wine,Wine shop. ex. sales tax,"401 N Great Neck Rd #123, Virginia Beach, VA 23454", Virginia Beach, Virginia Beach,23454,36.845732,-76.049339,USA,VA,2016,109.99,Magnum (1.5L),Magnum ,1.5L,https://www.wine-searcher.com/redirect?from_type_F=A&from_page_F=1462&wine_id_F=4115663&wine_name_id_F=85261&merchant_id_F=126267&price_F=80.11184&page_no_F=1&line_no_F=12&ebp_price_F=40.052277&bot_size_F=Magnum+%281.5L%29&design_F=&offer_type_F=R&tax_status_F=ex.+sales+tax&Xwinename=duckhorn+vineyard+napa+merlot&Xvintage_F=2016&Xlocation=USA&Xcurrencycode=USD
60,Applejack Wine & Spirits,Large retailer of fines wines & spirits. ex. sales tax,"3320 Youngfield Street, Wheat Ridge, CO 80033", Wheat Ridge, Wheat Ridge,80033,39.763455,-105.141072,USA,CO,2016,116.02,Magnum (1.5L),Magnum ,1.5L,https://www.wine-searcher.com/redirect?from_type_F=A&from_page_F=1462&wine_id_F=4116191&wine_name_id_F=85261&merchant_id_F=2713&price_F=84.50382&page_no_F=1&line_no_F=13&ebp_price_F=42.25191&bot_size_F=Magnum+%281.5L%29&design_F=&offer_type_F=R&tax_status_F=ex.+sales+tax&Xwinename=duckhorn+vineyard+napa+merlot&Xvintage_F=2016&Xlocation=USA&Xcurrencycode=USD
61,Suburban Wines,Fine wine and spirits merchant established in 1958. ex. sales tax,"379 Downing Drive, Yorktown Heights, NY 10598", Yorktown Heights, Yorktown Heights,10598,41.273092,-73.780712,USA,NY,2016,119.99,Magnum (1.5L),Magnum ,1.5L,https://www.wine-searcher.com/redirect?from_type_F=A&from_page_F=1462&wine_id_F=4116188&wine_name_id_F=85261&merchant_id_F=565&price_F=87.3954&page_no_F=1&line_no_F=14&ebp_price_F=43.694057&bot_size_F=Magnum+%281.5L%29&design_F=&offer_type_F=R&tax_status_F=ex.+sales+tax&Xwinename=duckhorn+vineyard+napa+merlot&Xvintage_F=2016&Xlocation=USA&Xcurrencycode=USD
62,J&M Fine Wines,Wine merchant. ex. sales tax,"701 Salem Street, North Andover, MA 01845", North Andover, North Andover,1845,42.670155,-71.084974,USA,MA,2016,180.0,D-magnum (3L),D-magnum ,3L,https://www.wine-searcher.com/redirect?from_type_F=A&from_page_F=1462&wine_id_F=4115253&wine_name_id_F=85261&merchant_id_F=60052&price_F=131.10402&page_no_F=1&line_no_F=15&ebp_price_F=32.776005&bot_size_F=D-magnum+%283L%29&design_F=&offer_type_F=R&tax_status_F=ex.+sales+tax&Xwinename=duckhorn+vineyard+napa+merlot&Xvintage_F=2016&Xlocation=USA&Xcurrencycode=USD
63,Universal Fine Wine & Spirits,A family-owned and operated business specializing in hand-crafted wines and rare spirits. ex. sales tax,"1524 US Highway 19, Holiday, FL 34691", Holiday, Holiday,34691,28.181207,-82.740238,USA,FL,2016,194.99,Magnum (1.5L),Magnum ,1.5L,https://www.wine-searcher.com/redirect?from_type_F=A&from_page_F=1462&wine_id_F=4115277&wine_name_id_F=85261&merchant_id_F=43599&price_F=142.02208&page_no_F=1&line_no_F=16&ebp_price_F=71.01468&bot_size_F=Magnum+%281.5L%29&design_F=&offer_type_F=R&tax_status_F=ex.+sales+tax&Xwinename=duckhorn+vineyard+napa+merlot&Xvintage_F=2016&Xlocation=USA&Xcurrencycode=USD
64,Station Plaza Wine,Retailer specializing in small production wines. ex. sales tax,"102 Kraft Avenue, Bronxville, NY 10708", Bronxville, Bronxville,10708,40.94056,-73.834364,USA,NY,2016,229.0,D-magnum (3L),D-magnum ,3L,https://www.wine-searcher.com/redirect?from_type_F=A&from_page_F=1462&wine_id_F=4115144&wine_name_id_F=85261&merchant_id_F=17845&price_F=166.79344&page_no_F=1&line_no_F=17&ebp_price_F=41.69836&bot_size_F=D-magnum+%283L%29&design_F=&offer_type_F=R&tax_status_F=ex.+sales+tax&Xwinename=duckhorn+vineyard+napa+merlot&Xvintage_F=2016&Xlocation=USA&Xcurrencycode=USD
65,Saratoga Wine Exchange,Retail wine store located in upstate New York. Over 17 years experience in sourcing and selling wines. Can ship to 42 states. ex. sales tax,"43 Round Lake Road, Ballston Lake, NY 12019", Ballston Lake, Ballston Lake,12019,42.93436,-73.812305,USA,NY,2016,646.44,Case of 6 Magnum,Case of 6 Magnum,,https://www.wine-searcher.com/redirect?from_type_F=A&from_page_F=1462&wine_id_F=21821854&wine_name_id_F=85261&merchant_id_F=1801&price_F=470.83823&page_no_F=1&line_no_F=18&ebp_price_F=39.23652&bot_size_F=Case+of+6+Magnum&design_F=&offer_type_F=R&tax_status_F=ex.+sales+tax&Xwinename=duckhorn+vineyard+napa+merlot&Xvintage_F=2016&Xlocation=USA&Xcurrencycode=USD
66,Lincoln Fine Wines,Wine merchant. ex. sales tax,"727 Lincoln Boulevard, Venice, CA 90291", Venice, Venice,90291,33.999597,-118.464235,USA,CA,2015,35.0,Bottle (750ml),Bottle ,750ml,https://www.wine-searcher.com/redirect?from_type_F=A&from_page_F=1462&wine_id_F=4116206&wine_name_id_F=85261&merchant_id_F=15204&price_F=25.492449&page_no_F=1&line_no_F=1&ebp_price_F=25.492449&bot_size_F=Bottle+%28750ml%29&design_F=&offer_type_F=R&tax_status_F=ex.+sales+tax&Xwinename=duckhorn+vineyard+napa+merlot&Xvintage_F=2015&Xlocation=USA&Xcurrencycode=USD
67,WineBid,Weekly online auctions that close every Sunday. fees apply,"755 Skyway Court, Napa, CA 94558", Napa, Napa,94558,38.217995,-122.265467,USA,CA,2015,50.0,Bottle (750ml),Bottle ,750ml,https://www.wine-searcher.com/redirect?from_type_F=A&from_page_F=1462&wine_id_F=20223692&wine_name_id_F=85261&merchant_id_F=362&price_F=36.41778&page_no_F=1&line_no_F=2&ebp_price_F=36.41778&bot_size_F=Bottle+%28750ml%29&design_F=&offer_type_F=A&tax_status_F=fees+apply&Xwinename=duckhorn+vineyard+napa+merlot&Xvintage_F=2015&Xlocation=USA&Xcurrencycode=USD
68,Liquors Inc,Online wine merchant. no sales tax applies,"485 Dalton Avenue, Pittsfield, Berkshires MA 01201", Pittsfield, Pittsfield,1201,42.464567,-73.212361,USA,MA,2015,54.99,Bottle (750ml),Bottle ,750ml,https://www.wine-searcher.com/redirect?from_type_F=A&from_page_F=1462&wine_id_F=17025636&wine_name_id_F=85261&merchant_id_F=16094&price_F=40.052277&page_no_F=1&line_no_F=3&ebp_price_F=40.052277&bot_size_F=Bottle+%28750ml%29&design_F=&offer_type_F=R&tax_status_F=no+sales+tax+applies&Xwinename=duckhorn+vineyard+napa+merlot&Xvintage_F=2015&Xlocation=USA&Xcurrencycode=USD
69,Vickers Wine On-line,"Wine merchant with a large selection of fine wines, imported beer, and micro brews. ex. sales tax","274 Bellevue Avenue, Newport, RI 02840", Newport, Newport,2840,41.481131,-71.307875,USA,RI,2015,249.95,D-magnum (3L),D-magnum ,3L,https://www.wine-searcher.com/redirect?from_type_F=A&from_page_F=1462&wine_id_F=4115721&wine_name_id_F=85261&merchant_id_F=164&price_F=182.0525&page_no_F=1&line_no_F=4&ebp_price_F=45.514946&bot_size_F=D-magnum+%283L%29&design_F=&offer_type_F=R&tax_status_F=ex.+sales+tax&Xwinename=duckhorn+vineyard+napa+merlot&Xvintage_F=2015&Xlocation=USA&Xcurrencycode=USD
70,Benchmark Wine Group,Wine retailer and wholesaler specializing in vintage and rare wines. ex. sales tax,"445 Devlin Road, Napa, CA 94558", Napa, Napa,94558,38.225726,-122.262887,USA,CA,2014,42.0,Bottle (750ml),Bottle ,750ml,https://www.wine-searcher.com/redirect?from_type_F=A&from_page_F=1462&wine_id_F=4115923&wine_name_id_F=85261&merchant_id_F=2465&price_F=30.590939&page_no_F=1&line_no_F=1&ebp_price_F=30.590939&bot_size_F=Bottle+%28750ml%29&design_F=&offer_type_F=R&tax_status_F=ex.+sales+tax&Xwinename=duckhorn+vineyard+napa+merlot&Xvintage_F=2014&Xlocation=USA&Xcurrencycode=USD
71,Vickers Wine On-line,"Wine merchant with a large selection of fine wines, imported beer, and micro brews. ex. sales tax","274 Bellevue Avenue, Newport, RI 02840", Newport, Newport,2840,41.481131,-71.307875,USA,RI,2014,99.95,Magnum (1.5L),Magnum ,1.5L,https://www.wine-searcher.com/redirect?from_type_F=A&from_page_F=1462&wine_id_F=4115683&wine_name_id_F=85261&merchant_id_F=164&price_F=72.79915&page_no_F=1&line_no_F=2&ebp_price_F=36.403217&bot_size_F=Magnum+%281.5L%29&design_F=&offer_type_F=R&tax_status_F=ex.+sales+tax&Xwinename=duckhorn+vineyard+napa+merlot&Xvintage_F=2014&Xlocation=USA&Xcurrencycode=USD
72,"Total Wine & More, Long Beach","Wine, beer and spirits retailer. ex. sales tax","7400 Carson Boulevard, Long Beach, CA 90808", Long Beach, Long Beach,90808,33.827445,-118.086936,USA,CA,2013,89.99,Magnum (1.5L),Magnum ,1.5L,https://www.wine-searcher.com/redirect?from_type_F=A&from_page_F=1462&wine_id_F=4115202&wine_name_id_F=85261&merchant_id_F=77407&price_F=65.54472&page_no_F=1&line_no_F=1&ebp_price_F=32.768723&bot_size_F=Magnum+%281.5L%29&design_F=&offer_type_F=R&tax_status_F=ex.+sales+tax&Xwinename=duckhorn+vineyard+napa+merlot&Xvintage_F=2013&Xlocation=USA&Xcurrencycode=USD
73,Bernier's Liquors,"Since 1951, Bernier's Liquors has been serving Bridgewater and the surrounding community a wide selection of beers, wines, & liquors at reasonable prices!. ex. sales tax","905 Plymouth St, Bridgewater, MA, 02324", Bridgewater, Bridgewater,2324,41.990135,-70.942211,USA,MA,2013,89.99,Magnum (1.5L),Magnum ,1.5L,https://www.wine-searcher.com/redirect?from_type_F=A&from_page_F=1462&wine_id_F=4116185&wine_name_id_F=85261&merchant_id_F=166638&price_F=65.54472&page_no_F=1&line_no_F=2&ebp_price_F=32.768723&bot_size_F=Magnum+%281.5L%29&design_F=&offer_type_F=R&tax_status_F=ex.+sales+tax&Xwinename=duckhorn+vineyard+napa+merlot&Xvintage_F=2013&Xlocation=USA&Xcurrencycode=USD
74,Metro Liquors - NJ,Wine merchant. ex. sales tax,"1179 W St Georges Avenue, Linden, NJ 07036", Linden, Linden,7036,40.625616,-74.272781,USA,NJ,2013,49.99,Bottle (750ml),Bottle ,750ml,https://www.wine-searcher.com/redirect?from_type_F=A&from_page_F=1462&wine_id_F=4116129&wine_name_id_F=85261&merchant_id_F=131009&price_F=36.4105&page_no_F=1&line_no_F=3&ebp_price_F=36.4105&bot_size_F=Bottle+%28750ml%29&design_F=&offer_type_F=R&tax_status_F=ex.+sales+tax&Xwinename=duckhorn+vineyard+napa+merlot&Xvintage_F=2013&Xlocation=USA&Xcurrencycode=USD
75,"Total Wine & More, Baybrook","Wine, beer and spirits retailer. ex. sales tax","8740 Gulf Fwy, Friendswood, Houston TX 77546", Friendswood, Friendswood,77546,29.548247,-95.149626,USA,TX,2013,99.99,Magnum (1.5L),Magnum ,1.5L,https://www.wine-searcher.com/redirect?from_type_F=A&from_page_F=1462&wine_id_F=4115206&wine_name_id_F=85261&merchant_id_F=120831&price_F=72.828285&page_no_F=1&line_no_F=4&ebp_price_F=36.4105&bot_size_F=Magnum+%281.5L%29&design_F=&offer_type_F=R&tax_status_F=ex.+sales+tax&Xwinename=duckhorn+vineyard+napa+merlot&Xvintage_F=2013&Xlocation=USA&Xcurrencycode=USD
76,ShopRite Wines & Spirits of Little Falls,"Wine, beer and spirits merchant. ex. sales tax","171 Browertown Road, Little Falls, NJ 07424", Little Falls, Little Falls,7424,40.88175,-74.211281,USA,NJ,2013,49.99,Bottle (750ml),Bottle ,750ml,https://www.wine-searcher.com/redirect?from_type_F=A&from_page_F=1462&wine_id_F=4115030&wine_name_id_F=85261&merchant_id_F=13161&price_F=36.4105&page_no_F=1&line_no_F=5&ebp_price_F=36.4105&bot_size_F=Bottle+%28750ml%29&design_F=&offer_type_F=R&tax_status_F=ex.+sales+tax&Xwinename=duckhorn+vineyard+napa+merlot&Xvintage_F=2013&Xlocation=USA&Xcurrencycode=USD
77,"Total Wine & More, West Plano","Wine, beer and spirits retailer. ex. sales tax","6400 W Plano Pkwy Plano, TX 75093", TX 75093,6400 W Plano Pkwy Plano,75093,33.02923,-96.837072,USA,TX,2013,99.99,Magnum (1.5L),Magnum ,1.5L,https://www.wine-searcher.com/redirect?from_type_F=A&from_page_F=1462&wine_id_F=4115224&wine_name_id_F=85261&merchant_id_F=123334&price_F=72.828285&page_no_F=1&line_no_F=6&ebp_price_F=36.4105&bot_size_F=Magnum+%281.5L%29&design_F=&offer_type_F=R&tax_status_F=ex.+sales+tax&Xwinename=duckhorn+vineyard+napa+merlot&Xvintage_F=2013&Xlocation=USA&Xcurrencycode=USD
78,Townline Wine & Spirits,"A premium wine shop with over 4000 SKU's on hand with the wine bottles ranging from $ 8 to $ 400 and more with some collectible wines, and actively involved in the bourbon barrel program. ex. sales tax","2430 Foxon Road, North Branford, New Haven County, Connecticut 06471", North Branford, New Haven County,6471,41.342786,-72.74883,USA,CT,2013,49.99,Bottle (750ml),Bottle ,750ml,https://www.wine-searcher.com/redirect?from_type_F=A&from_page_F=1462&wine_id_F=22083124&wine_name_id_F=85261&merchant_id_F=145429&price_F=36.4105&page_no_F=1&line_no_F=7&ebp_price_F=36.4105&bot_size_F=Bottle+%28750ml%29&design_F=&offer_type_F=R&tax_status_F=ex.+sales+tax&Xwinename=duckhorn+vineyard+napa+merlot&Xvintage_F=2013&Xlocation=USA&Xcurrencycode=USD
79,"Total Wine & More, Brea","Wine, beer and spirits retailer. ex. sales tax","Brea Plaza Shopping Center, 471 South Associated Road, Brea, CA 92821", 471 South Associated Road, Brea,92821,33.911827,-117.880097,USA,CA,2013,199.99,D-magnum (3L),D-magnum ,3L,https://www.wine-searcher.com/redirect?from_type_F=A&from_page_F=1462&wine_id_F=4115249&wine_name_id_F=85261&merchant_id_F=26586&price_F=145.66385&page_no_F=1&line_no_F=8&ebp_price_F=36.41778&bot_size_F=D-magnum+%283L%29&design_F=&offer_type_F=R&tax_status_F=ex.+sales+tax&Xwinename=duckhorn+vineyard+napa+merlot&Xvintage_F=2013&Xlocation=USA&Xcurrencycode=USD
80,"Total Wine & More, Baybrook","Wine, beer and spirits retailer. ex. sales tax","8740 Gulf Fwy, Friendswood, Houston TX 77546", Friendswood, Friendswood,77546,29.548247,-95.149626,USA,TX,2013,209.99,D-magnum (3L),D-magnum ,3L,https://www.wine-searcher.com/redirect?from_type_F=A&from_page_F=1462&wine_id_F=4115592&wine_name_id_F=85261&merchant_id_F=120831&price_F=152.9474&page_no_F=1&line_no_F=9&ebp_price_F=38.238674&bot_size_F=D-magnum+%283L%29&design_F=&offer_type_F=R&tax_status_F=ex.+sales+tax&Xwinename=duckhorn+vineyard+napa+merlot&Xvintage_F=2013&Xlocation=USA&Xcurrencycode=USD
81,"Total Wine & More, West Plano","Wine, beer and spirits retailer. ex. sales tax","6400 W Plano Pkwy Plano, TX 75093", TX 75093,6400 W Plano Pkwy Plano,75093,33.02923,-96.837072,USA,TX,2013,209.99,D-magnum (3L),D-magnum ,3L,https://www.wine-searcher.com/redirect?from_type_F=A&from_page_F=1462&wine_id_F=4115599&wine_name_id_F=85261&merchant_id_F=123334&price_F=152.9474&page_no_F=1&line_no_F=10&ebp_price_F=38.238674&bot_size_F=D-magnum+%283L%29&design_F=&offer_type_F=R&tax_status_F=ex.+sales+tax&Xwinename=duckhorn+vineyard+napa+merlot&Xvintage_F=2013&Xlocation=USA&Xcurrencycode=USD
82,A Taste of The Vineyard,"An independently-owned family business selling fine wines, beers & spirits. ex. sales tax","757 Turnpike St. (Inside Stop & Shop) North Andover, MA 01845", MA 01845, (Inside Stop & Shop) North Andover,1845,42.660245,-71.109528,USA,MA,2013,54.99,Bottle (750ml),Bottle ,750ml,https://www.wine-searcher.com/redirect?from_type_F=A&from_page_F=1462&wine_id_F=4115341&wine_name_id_F=85261&merchant_id_F=21990&price_F=40.052277&page_no_F=1&line_no_F=11&ebp_price_F=40.052277&bot_size_F=Bottle+%28750ml%29&design_F=&offer_type_F=R&tax_status_F=ex.+sales+tax&Xwinename=duckhorn+vineyard+napa+merlot&Xvintage_F=2013&Xlocation=USA&Xcurrencycode=USD
83,Kessler's Food & Liquor,Wine merchant. ex. sales tax,"621 6th Ave SE, Aberdeen, SD 57401", Aberdeen, Aberdeen,57401,45.459261,-98.478405,USA,SD,2013,55.99,Bottle (750ml),Bottle ,750ml,https://www.wine-searcher.com/redirect?from_type_F=A&from_page_F=1462&wine_id_F=4115779&wine_name_id_F=85261&merchant_id_F=140051&price_F=40.780636&page_no_F=1&line_no_F=12&ebp_price_F=40.780636&bot_size_F=Bottle+%28750ml%29&design_F=&offer_type_F=R&tax_status_F=ex.+sales+tax&Xwinename=duckhorn+vineyard+napa+merlot&Xvintage_F=2013&Xlocation=USA&Xcurrencycode=USD
84,Wine Barrel Plus,Wine retailer. ex. sales tax,"30303 Plymouth Road, Livonia, MI 48150", Livonia, Livonia,48150,42.36867,-83.342578,USA,MI,2013,59.56,Bottle (750ml),Bottle ,750ml,https://www.wine-searcher.com/redirect?from_type_F=A&from_page_F=1462&wine_id_F=4114966&wine_name_id_F=85261&merchant_id_F=508&price_F=43.380863&page_no_F=1&line_no_F=13&ebp_price_F=43.380863&bot_size_F=Bottle+%28750ml%29&design_F=&offer_type_F=R&tax_status_F=ex.+sales+tax&Xwinename=duckhorn+vineyard+napa+merlot&Xvintage_F=2013&Xlocation=USA&Xcurrencycode=USD
85,Kona Wine Club,Wine merchant. ex. sales tax,"74-5450 Makala Blvd, Kailua Kona, HI 96740", Kailua Kona, Kailua Kona,96740,19.649472,-156.004458,USA,HI,2013,139.0,Magnum (1.5L),Magnum ,1.5L,https://www.wine-searcher.com/redirect?from_type_F=A&from_page_F=1462&wine_id_F=4115510&wine_name_id_F=85261&merchant_id_F=17366&price_F=101.24144&page_no_F=1&line_no_F=14&ebp_price_F=50.62072&bot_size_F=Magnum+%281.5L%29&design_F=&offer_type_F=R&tax_status_F=ex.+sales+tax&Xwinename=duckhorn+vineyard+napa+merlot&Xvintage_F=2013&Xlocation=USA&Xcurrencycode=USD
86,Lido Wines & Spirits,Premium wine shop located on the East side of Long Beach. It's a few blocks from the beach. ex. sales tax,"635 East Park Ave, Long Beach, NY 11561", Long Beach, Long Beach,11561,40.589004,-73.645297,USA,NY,2012,49.99,Bottle (750ml),Bottle ,750ml,https://www.wine-searcher.com/redirect?from_type_F=A&from_page_F=1462&wine_id_F=4115515&wine_name_id_F=85261&merchant_id_F=142822&price_F=36.4105&page_no_F=1&line_no_F=1&ebp_price_F=36.4105&bot_size_F=Bottle+%28750ml%29&design_F=&offer_type_F=R&tax_status_F=ex.+sales+tax&Xwinename=duckhorn+vineyard+napa+merlot&Xvintage_F=2012&Xlocation=USA&Xcurrencycode=USD
87,Liquid Partyworks,Wine merchant specializing in limited production wines from California and Finger Lakes wines. ex. sales tax,"10100 Topanga Canyon Blvd, Chatsworth, Los Angeles CA 91311", Chatsworth, Chatsworth,91311,34.254097,-118.605661,USA,CA,2012,49.99,Bottle (750ml),Bottle ,750ml,https://www.wine-searcher.com/redirect?from_type_F=A&from_page_F=1462&wine_id_F=4115287&wine_name_id_F=85261&merchant_id_F=1319&price_F=36.4105&page_no_F=1&line_no_F=2&ebp_price_F=36.4105&bot_size_F=Bottle+%28750ml%29&design_F=&offer_type_F=R&tax_status_F=ex.+sales+tax&Xwinename=duckhorn+vineyard+napa+merlot&Xvintage_F=2012&Xlocation=USA&Xcurrencycode=USD
88,"Total Wine & More, Galleria","Wine, beer and spirits retailer. ex. sales tax","5016 San Felipe St, Houston, TX 77056", Houston, Houston,77056,29.75119,-95.462318,USA,TX,2012,99.99,Magnum (1.5L),Magnum ,1.5L,https://www.wine-searcher.com/redirect?from_type_F=A&from_page_F=1462&wine_id_F=4115266&wine_name_id_F=85261&merchant_id_F=120834&price_F=72.828285&page_no_F=1&line_no_F=3&ebp_price_F=36.4105&bot_size_F=Magnum+%281.5L%29&design_F=&offer_type_F=R&tax_status_F=ex.+sales+tax&Xwinename=duckhorn+vineyard+napa+merlot&Xvintage_F=2012&Xlocation=USA&Xcurrencycode=USD
89,"Total Wine & More, Copperfield",Wine merchant. ex. sales tax,"Copperfield Village 7055 Hwy 6 N Houston, TX, 77095", TX,Copperfield Village 7055 Hwy 6 N Houston,77095,29.880429,-95.646925,USA,TX,2012,99.99,Magnum (1.5L),Magnum ,1.5L,https://www.wine-searcher.com/redirect?from_type_F=A&from_page_F=1462&wine_id_F=4114985&wine_name_id_F=85261&merchant_id_F=132532&price_F=72.828285&page_no_F=1&line_no_F=4&ebp_price_F=36.4105&bot_size_F=Magnum+%281.5L%29&design_F=&offer_type_F=R&tax_status_F=ex.+sales+tax&Xwinename=duckhorn+vineyard+napa+merlot&Xvintage_F=2012&Xlocation=USA&Xcurrencycode=USD
90,"Total Wine & More, Laguna Hills","Wine, beer and spirits retailer. ex. sales tax","Suite B, 24001 El Toro Road, Laguna Hills, CA 92653", 24001 El Toro Road, Laguna Hills,92653,33.612983,-117.710452,USA,CA,2012,199.99,D-magnum (3L),D-magnum ,3L,https://www.wine-searcher.com/redirect?from_type_F=A&from_page_F=1462&wine_id_F=4115645&wine_name_id_F=85261&merchant_id_F=52768&price_F=145.66385&page_no_F=1&line_no_F=5&ebp_price_F=36.41778&bot_size_F=D-magnum+%283L%29&design_F=&offer_type_F=R&tax_status_F=ex.+sales+tax&Xwinename=duckhorn+vineyard+napa+merlot&Xvintage_F=2012&Xlocation=USA&Xcurrencycode=USD
91,Evintner.com,Wine and Spirits retailer. ex. sales tax,"669 9th Avenue, New York, NY 10036", New York, New York,10036,40.761265,-73.990884,USA,NY,2012,52.89,Bottle (750ml),Bottle ,750ml,https://www.wine-searcher.com/redirect?from_type_F=A&from_page_F=1462&wine_id_F=20106430&wine_name_id_F=85261&merchant_id_F=20924&price_F=38.52273&page_no_F=1&line_no_F=6&ebp_price_F=38.52273&bot_size_F=Bottle+%28750ml%29&design_F=&offer_type_F=R&tax_status_F=ex.+sales+tax&Xwinename=duckhorn+vineyard+napa+merlot&Xvintage_F=2012&Xlocation=USA&Xcurrencycode=USD
92,Witty's Fine Wine and Liquors,Wine retailer. ex. sales tax,"870 Saint Georges Ave, Rahway, NJ 07065", Rahway, Rahway,7065,40.605682,-74.290037,USA,NJ,2012,219.99,D-Magnum (3L),D-Magnum ,3L,https://www.wine-searcher.com/redirect?from_type_F=A&from_page_F=1462&wine_id_F=4115008&wine_name_id_F=85261&merchant_id_F=10491&price_F=160.23096&page_no_F=1&line_no_F=7&ebp_price_F=40.059563&bot_size_F=D-Magnum+%283L%29&design_F=&offer_type_F=R&tax_status_F=ex.+sales+tax&Xwinename=duckhorn+vineyard+napa+merlot&Xvintage_F=2012&Xlocation=USA&Xcurrencycode=USD
93,"Total Wine & More, Towson Beltway","Wine, beer and spirits retailer. ex. sales tax","8727 Loch Raven Boulevard, Towson, MD 21286", Towson, Towson,21286,39.398978,-76.563544,USA,MD,2012,119.99,Magnum (1.5L),Magnum ,1.5L,https://www.wine-searcher.com/redirect?from_type_F=A&from_page_F=1462&wine_id_F=4114978&wine_name_id_F=85261&merchant_id_F=1260&price_F=87.3954&page_no_F=1&line_no_F=8&ebp_price_F=43.694057&bot_size_F=Magnum+%281.5L%29&design_F=&offer_type_F=R&tax_status_F=ex.+sales+tax&Xwinename=duckhorn+vineyard+napa+merlot&Xvintage_F=2012&Xlocation=USA&Xcurrencycode=USD
94,Martin's Liquors,"Friendly staff and a wide selection of wine, beer, and spirits. ex. sales tax","3601 Route 38, Mt Laurel, NJ 08054", Mt Laurel, Mt Laurel,8054,39.967036,-74.919522,USA,NJ,2012,63.99,Bottle (750ml),Bottle ,750ml,https://www.wine-searcher.com/redirect?from_type_F=A&from_page_F=1462&wine_id_F=4115151&wine_name_id_F=85261&merchant_id_F=14568&price_F=46.60748&page_no_F=1&line_no_F=9&ebp_price_F=46.60748&bot_size_F=Bottle+%28750ml%29&design_F=&offer_type_F=R&tax_status_F=ex.+sales+tax&Xwinename=duckhorn+vineyard+napa+merlot&Xvintage_F=2012&Xlocation=USA&Xcurrencycode=USD
95,Wine Barrel Plus,Wine retailer. ex. sales tax,"30303 Plymouth Road, Livonia, MI 48150", Livonia, Livonia,48150,42.36867,-83.342578,USA,MI,2012,69.56,Bottle (750ml),Bottle ,750ml,https://www.wine-searcher.com/redirect?from_type_F=A&from_page_F=1462&wine_id_F=4114969&wine_name_id_F=85261&merchant_id_F=508&price_F=50.66442&page_no_F=1&line_no_F=10&ebp_price_F=50.66442&bot_size_F=Bottle+%28750ml%29&design_F=&offer_type_F=R&tax_status_F=ex.+sales+tax&Xwinename=duckhorn+vineyard+napa+merlot&Xvintage_F=2012&Xlocation=USA&Xcurrencycode=USD
96,Colony House Liquor,Retailer and tasting room. ex. sales tax,"22523 Pacific Coast Highway Malibu, CA 90265", CA 90265,22523 Pacific Coast Highway Malibu,90265,34.039872,-118.665537,USA,CA,2012,79.99,Bottle (750ml),Bottle ,750ml,https://www.wine-searcher.com/redirect?from_type_F=A&from_page_F=1462&wine_id_F=15616750&wine_name_id_F=85261&merchant_id_F=150087&price_F=58.26117&page_no_F=1&line_no_F=11&ebp_price_F=58.26117&bot_size_F=Bottle+%28750ml%29&design_F=&offer_type_F=R&tax_status_F=ex.+sales+tax&Xwinename=duckhorn+vineyard+napa+merlot&Xvintage_F=2012&Xlocation=USA&Xcurrencycode=USD
97,Wide World of Wines,"A boutique wine merchant conveniently offers a wide selection of wines, from every-day to the once-in-a-lifetime, sourced from wine-producing regions in the world. ex. sales tax","2201 Wisconsin Avenue, Washington, DC 20007", Washington, Washington,20007,38.919457,-77.070189,USA,DC,2011,59.99,Bottle (750ml),Bottle ,750ml,https://www.wine-searcher.com/redirect?from_type_F=A&from_page_F=1462&wine_id_F=4115013&wine_name_id_F=85261&merchant_id_F=2581&price_F=43.694057&page_no_F=1&line_no_F=1&ebp_price_F=43.694057&bot_size_F=Bottle+%28750ml%29&design_F=&offer_type_F=R&tax_status_F=ex.+sales+tax&Xwinename=duckhorn+vineyard+napa+merlot&Xvintage_F=2011&Xlocation=USA&Xcurrencycode=USD
98,The Wine Specialist,Wine merchant. ex. sales tax,"1133 20th Street NW, Washington, DC 20036", Washington, Washington,20036,38.904953,-77.044493,USA,DC,2010,683.9,Case of 12 Btls,Case of 12 Btls,,https://www.wine-searcher.com/redirect?from_type_F=A&from_page_F=1462&wine_id_F=4116245&wine_name_id_F=85261&merchant_id_F=252&price_F=498.12244&page_no_F=1&line_no_F=1&ebp_price_F=41.50899&bot_size_F=Case+of+12+Btls&design_F=&offer_type_F=R&tax_status_F=ex.+sales+tax&Xwinename=duckhorn+vineyard+napa+merlot&Xvintage_F=2010&Xlocation=USA&Xcurrencycode=USD
99,The Wine Specialist,Wine merchant. ex. sales tax,"1133 20th Street NW, Washington, DC 20036", Washington, Washington,20036,38.904953,-77.044493,USA,DC,2010,56.99,Bottle (750ml),Bottle ,750ml,https://www.wine-searcher.com/redirect?from_type_F=A&from_page_F=1462&wine_id_F=4116244&wine_name_id_F=85261&merchant_id_F=252&price_F=41.50899&page_no_F=1&line_no_F=2&ebp_price_F=41.50899&bot_size_F=Bottle+%28750ml%29&design_F=&offer_type_F=R&tax_status_F=ex.+sales+tax&Xwinename=duckhorn+vineyard+napa+merlot&Xvintage_F=2010&Xlocation=USA&Xcurrencycode=USD
100,Armand's Cellar,Wine merchant. ex. sales tax,"31149 Via Colinas, Westlake Village, CA 91362", Westlake Village, Westlake Village,91362,34.154073,-118.80419,USA,CA,2010,39.99,Half Bottle (375ml),Half Bottle ,375ml,https://www.wine-searcher.com/redirect?from_type_F=A&from_page_F=1462&wine_id_F=20382393&wine_name_id_F=85261&merchant_id_F=141957&price_F=29.126944&page_no_F=1&line_no_F=3&ebp_price_F=58.253887&bot_size_F=Half+Bottle+%28375ml%29&design_F=&offer_type_F=R&tax_status_F=ex.+sales+tax&Xwinename=duckhorn+vineyard+napa+merlot&Xvintage_F=2010&Xlocation=USA&Xcurrencycode=USD
101,Armand's Cellar,Wine merchant. ex. sales tax,"31149 Via Colinas, Westlake Village, CA 91362", Westlake Village, Westlake Village,91362,34.154073,-118.80419,USA,CA,2010,300.0,Magnum (1.5L),Magnum ,1.5L,https://www.wine-searcher.com/redirect?from_type_F=A&from_page_F=1462&wine_id_F=20382396&wine_name_id_F=85261&merchant_id_F=141957&price_F=218.5067&page_no_F=1&line_no_F=4&ebp_price_F=109.25335&bot_size_F=Magnum+%281.5L%29&design_F=&offer_type_F=R&tax_status_F=ex.+sales+tax&Xwinename=duckhorn+vineyard+napa+merlot&Xvintage_F=2010&Xlocation=USA&Xcurrencycode=USD
102,Wine Time Now,Wine merchant. ex. sales tax,"1932 S Telegraph Road, Bloomfield Hills, MI 48302", Bloomfield Hills, Bloomfield Hills,48302,42.610858,-83.303879,USA,MI,2009,52.66,Bottle (750ml),Bottle ,750ml,https://www.wine-searcher.com/redirect?from_type_F=A&from_page_F=1462&wine_id_F=4115286&wine_name_id_F=85261&merchant_id_F=2871&price_F=38.35521&page_no_F=1&line_no_F=1&ebp_price_F=38.35521&bot_size_F=Bottle+%28750ml%29&design_F=&offer_type_F=R&tax_status_F=ex.+sales+tax&Xwinename=duckhorn+vineyard+napa+merlot&Xvintage_F=2009&Xlocation=USA&Xcurrencycode=USD
103,Armand's Cellar,Wine merchant. ex. sales tax,"31149 Via Colinas, Westlake Village, CA 91362", Westlake Village, Westlake Village,91362,34.154073,-118.80419,USA,CA,2008,600.0,Bottle (750ml),Bottle ,750ml,https://www.wine-searcher.com/redirect?from_type_F=A&from_page_F=1462&wine_id_F=20382395&wine_name_id_F=85261&merchant_id_F=141957&price_F=437.0134&page_no_F=1&line_no_F=1&ebp_price_F=437.0134&bot_size_F=Bottle+%28750ml%29&design_F=&offer_type_F=R&tax_status_F=ex.+sales+tax&Xwinename=duckhorn+vineyard+napa+merlot&Xvintage_F=2008&Xlocation=USA&Xcurrencycode=USD
104,Vinfolio,Fine wine and services to wine collectors and enthusiasts. Worldwide shipping. ex. sales tax,"500 Devlin Road, Suite 102, Napa, CA 94558", Suite 102, Napa,94558,38.221299,-122.260183,USA,CA,2007,59.0,Bottle (750ml),Bottle ,750ml,https://www.wine-searcher.com/redirect?from_type_F=A&from_page_F=1462&wine_id_F=4115523&wine_name_id_F=85261&merchant_id_F=5824&price_F=42.972984&page_no_F=1&line_no_F=1&ebp_price_F=42.972984&bot_size_F=Bottle+%28750ml%29&design_F=&offer_type_F=R&tax_status_F=ex.+sales+tax&Xwinename=duckhorn+vineyard+napa+merlot&Xvintage_F=2007&Xlocation=USA&Xcurrencycode=USD
105,Castle Wine & Spirits,Wine merchant. ex. sales tax,"1439 Post Road East, Westport, CT 06880", Westport, Westport,6880,41.138796,-73.314297,USA,CT,2006,117.98,Magnum (1.5L),Magnum ,1.5L,https://www.wine-searcher.com/redirect?from_type_F=A&from_page_F=1462&wine_id_F=4115203&wine_name_id_F=85261&merchant_id_F=14851&price_F=85.931404&page_no_F=1&line_no_F=1&ebp_price_F=42.965702&bot_size_F=Magnum+%281.5L%29&design_F=&offer_type_F=R&tax_status_F=ex.+sales+tax&Xwinename=duckhorn+vineyard+napa+merlot&Xvintage_F=2006&Xlocation=USA&Xcurrencycode=USD
106,Courtier,Online merchant. ex. sales tax,"2266 Central Street #3, Richmond, CA 94801", Richmond, Richmond,94801,37.964864,-122.372197,USA,CA,2005,45.0,Bottle (750ml),Bottle ,750ml,https://www.wine-searcher.com/redirect?from_type_F=A&from_page_F=1462&wine_id_F=17118870&wine_name_id_F=85261&merchant_id_F=77445&price_F=32.776005&page_no_F=1&line_no_F=1&ebp_price_F=32.776005&bot_size_F=Bottle+%28750ml%29&design_F=&offer_type_F=R&tax_status_F=ex.+sales+tax&Xwinename=duckhorn+vineyard+napa+merlot&Xvintage_F=2005&Xlocation=USA&Xcurrencycode=USD
107,1 West Dupont Circle Wines & Liquors,Wine retailer. ex. sales tax,"2012 P St NW. Washington, D.C. 20036", D.C. 20036, Washington,20036,38.909431,-77.045484,USA,DC,2005,159.99,Magnum (1.5L),Magnum ,1.5L,https://www.wine-searcher.com/redirect?from_type_F=A&from_page_F=1462&wine_id_F=4115085&wine_name_id_F=85261&merchant_id_F=70487&price_F=116.529625&page_no_F=1&line_no_F=2&ebp_price_F=58.268456&bot_size_F=Magnum+%281.5L%29&design_F=&offer_type_F=R&tax_status_F=ex.+sales+tax&Xwinename=duckhorn+vineyard+napa+merlot&Xvintage_F=2005&Xlocation=USA&Xcurrencycode=USD
108,Naples Fine Wine,Wine merchant. ex. sales tax,"6210 Shirley St. #110 Naples, FL 34109", FL 34109, #110 Naples,34109,26.221644,-81.780812,USA,FL,2004,55.0,Bottle (750ml),Bottle ,750ml,https://www.wine-searcher.com/redirect?from_type_F=A&from_page_F=1462&wine_id_F=4115292&wine_name_id_F=85261&merchant_id_F=52463&price_F=40.059563&page_no_F=1&line_no_F=1&ebp_price_F=40.059563&bot_size_F=Bottle+%28750ml%29&design_F=&offer_type_F=R&tax_status_F=ex.+sales+tax&Xwinename=duckhorn+vineyard+napa+merlot&Xvintage_F=2004&Xlocation=USA&Xcurrencycode=USD
109,Plucky Wines,Featuring an extensive wine collection. ex. sales tax,"359 Hwy 202/206 South, Bedminster, NJ 07921", Bedminster, Bedminster,7921,40.649737,-74.643211,USA,NJ,2004,89.99,Magnum (1.5L),Magnum ,1.5L,https://www.wine-searcher.com/redirect?from_type_F=A&from_page_F=1462&wine_id_F=4116205&wine_name_id_F=85261&merchant_id_F=14292&price_F=65.54472&page_no_F=1&line_no_F=2&ebp_price_F=32.768723&bot_size_F=Magnum+%281.5L%29&design_F=&offer_type_F=R&tax_status_F=ex.+sales+tax&Xwinename=duckhorn+vineyard+napa+merlot&Xvintage_F=2004&Xlocation=USA&Xcurrencycode=USD
110,Liquid Partyworks,Wine merchant specializing in limited production wines from California and Finger Lakes wines. ex. sales tax,"10100 Topanga Canyon Blvd, Chatsworth, Los Angeles CA 91311", Chatsworth, Chatsworth,91311,34.254097,-118.605661,USA,CA,2003,25.99,Half Bottle (375ml),Half Bottle ,375ml,https://www.wine-searcher.com/redirect?from_type_F=A&from_page_F=1462&wine_id_F=4115288&wine_name_id_F=85261&merchant_id_F=1319&price_F=18.929964&page_no_F=1&line_no_F=1&ebp_price_F=37.85993&bot_size_F=Half+Bottle+%28375ml%29&design_F=&offer_type_F=R&tax_status_F=ex.+sales+tax&Xwinename=duckhorn+vineyard+napa+merlot&Xvintage_F=2003&Xlocation=USA&Xcurrencycode=USD
111,Armand's Cellar,Wine merchant. ex. sales tax,"31149 Via Colinas, Westlake Village, CA 91362", Westlake Village, Westlake Village,91362,34.154073,-118.80419,USA,CA,2003,300.0,Magnum (1.5L),Magnum ,1.5L,https://www.wine-searcher.com/redirect?from_type_F=A&from_page_F=1462&wine_id_F=20382394&wine_name_id_F=85261&merchant_id_F=141957&price_F=218.5067&page_no_F=1&line_no_F=2&ebp_price_F=109.25335&bot_size_F=Magnum+%281.5L%29&design_F=&offer_type_F=R&tax_status_F=ex.+sales+tax&Xwinename=duckhorn+vineyard+napa+merlot&Xvintage_F=2003&Xlocation=USA&Xcurrencycode=USD
112,Sun Liquors DBA J&R Discount Liquors,"Specialized wine and spirits merchant, selling Kosher and NonKosher. ex. sales tax","165-24 69th Ave, Fresh Meadows, Queens, NY 11365", Fresh Meadows, Queens,11365,40.733033,-73.803318,USA,NY,2002,199.99,Bottle (750ml),Bottle ,750ml,https://www.wine-searcher.com/redirect?from_type_F=A&from_page_F=1462&wine_id_F=4115999&wine_name_id_F=85261&merchant_id_F=118098&price_F=145.66385&page_no_F=1&line_no_F=1&ebp_price_F=145.66385&bot_size_F=Bottle+%28750ml%29&design_F=&offer_type_F=R&tax_status_F=ex.+sales+tax&Xwinename=duckhorn+vineyard+napa+merlot&Xvintage_F=2002&Xlocation=USA&Xcurrencycode=USD
113,Courtier,Online merchant. ex. sales tax,"2266 Central Street #3, Richmond, CA 94801", Richmond, Richmond,94801,37.964864,-122.372197,USA,CA,2001,35.0,Bottle (750ml),Bottle ,750ml,https://www.wine-searcher.com/redirect?from_type_F=A&from_page_F=1462&wine_id_F=17118871&wine_name_id_F=85261&merchant_id_F=77445&price_F=25.492449&page_no_F=1&line_no_F=1&ebp_price_F=25.492449&bot_size_F=Bottle+%28750ml%29&design_F=&offer_type_F=R&tax_status_F=ex.+sales+tax&Xwinename=duckhorn+vineyard+napa+merlot&Xvintage_F=2001&Xlocation=USA&Xcurrencycode=USD
114,"The Wine Connection, New York",Wine merchant established in 1993. ex. sales tax,"32 Westchester Avenue, Pound Ridge, NY 10576", Pound Ridge, Pound Ridge,10576,41.187373,-73.546,USA,NY,2000,159.0,Magnum (1.5L),Magnum ,1.5L,https://www.wine-searcher.com/redirect?from_type_F=A&from_page_F=1462&wine_id_F=20457107&wine_name_id_F=85261&merchant_id_F=2082&price_F=115.808556&page_no_F=1&line_no_F=1&ebp_price_F=57.904278&bot_size_F=Magnum+%281.5L%29&design_F=&offer_type_F=R&tax_status_F=ex.+sales+tax&Xwinename=duckhorn+vineyard+napa+merlot&Xvintage_F=2000&Xlocation=USA&Xcurrencycode=USD
115,VinPorter Wine Merchants,"Through quality producers, meticulous selection and an exemplary customer experience, Vinporter is the premiere destination for your favorite wines. ex. sales tax","860 Napa Valley Corporate Way, Suite F, Napa, CA 94558", Suite F, Napa,94558,38.250294,-122.273466,USA,CA,1999,105.0,Bottle (750ml),Bottle ,750ml,https://www.wine-searcher.com/redirect?from_type_F=A&from_page_F=1462&wine_id_F=4115448&wine_name_id_F=85261&merchant_id_F=142761&price_F=76.47735&page_no_F=1&line_no_F=1&ebp_price_F=76.47735&bot_size_F=Bottle+%28750ml%29&design_F=&offer_type_F=R&tax_status_F=ex.+sales+tax&Xwinename=duckhorn+vineyard+napa+merlot&Xvintage_F=1999&Xlocation=USA&Xcurrencycode=USD
116,Wally's Wine & Spirits,Online wine merchant. ex. sales tax,"10459 Jefferson Blvd. Culver City, Los Angeles, CA, 90232", Los Angeles, Los Angeles,90232,34.00706,-118.392573,USA,CA,1997,100.0,Bottle (750ml),Bottle ,750ml,https://www.wine-searcher.com/redirect?from_type_F=A&from_page_F=1462&wine_id_F=4115204&wine_name_id_F=85261&merchant_id_F=287&price_F=72.83556&page_no_F=1&line_no_F=1&ebp_price_F=72.83556&bot_size_F=Bottle+%28750ml%29&design_F=&offer_type_F=R&tax_status_F=ex.+sales+tax&Xwinename=duckhorn+vineyard+napa+merlot&Xvintage_F=1997&Xlocation=USA&Xcurrencycode=USD
117,Benchmark Wine Group,Wine retailer and wholesaler specializing in vintage and rare wines. ex. sales tax,"445 Devlin Road, Napa, CA 94558", Napa, Napa,94558,38.225726,-122.262887,USA,CA,1997,105.0,Bottle (750ml),Bottle ,750ml,https://www.wine-searcher.com/redirect?from_type_F=A&from_page_F=1462&wine_id_F=4115582&wine_name_id_F=85261&merchant_id_F=2465&price_F=76.47735&page_no_F=1&line_no_F=2&ebp_price_F=76.47735&bot_size_F=Bottle+%28750ml%29&design_F=&offer_type_F=R&tax_status_F=ex.+sales+tax&Xwinename=duckhorn+vineyard+napa+merlot&Xvintage_F=1997&Xlocation=USA&Xcurrencycode=USD
118,"The Wine Connection, New York",Wine merchant established in 1993. ex. sales tax,"32 Westchester Avenue, Pound Ridge, NY 10576", Pound Ridge, Pound Ridge,10576,41.187373,-73.546,USA,NY,1996,159.0,Magnum (1.5L),Magnum ,1.5L,https://www.wine-searcher.com/redirect?from_type_F=A&from_page_F=1462&wine_id_F=20457108&wine_name_id_F=85261&merchant_id_F=2082&price_F=115.808556&page_no_F=1&line_no_F=1&ebp_price_F=57.904278&bot_size_F=Magnum+%281.5L%29&design_F=&offer_type_F=R&tax_status_F=ex.+sales+tax&Xwinename=duckhorn+vineyard+napa+merlot&Xvintage_F=1996&Xlocation=USA&Xcurrencycode=USD
119,K&L Wine Merchants - Auctions,Auction division of K&L Wine Merchants. fees apply,"3005 El Camino Real, Redwood City, CA 94061", Redwood City, Redwood City,94061,37.468422,-122.210258,USA,CA,1995,50.0,Bottle (750ml),Bottle ,750ml,https://www.wine-searcher.com/redirect?from_type_F=A&from_page_F=1462&wine_id_F=4116211&wine_name_id_F=85261&merchant_id_F=24415&price_F=36.41778&page_no_F=1&line_no_F=1&ebp_price_F=36.41778&bot_size_F=Bottle+%28750ml%29&design_F=&offer_type_F=A&tax_status_F=fees+apply&Xwinename=duckhorn+vineyard+napa+merlot&Xvintage_F=1995&Xlocation=USA&Xcurrencycode=USD
120,Mad Wild Wines,"A wine retail, hospitality, and consultation business founded by former sommeliers who are mad about wine and wild about enhancing your affinity for it. ex. sales tax",No address given.,,,20018,38.930038,-76.969962,USA,DC,1994,110.0,Bottle (750ml),Bottle ,750ml,https://www.wine-searcher.com/redirect?from_type_F=A&from_page_F=1462&wine_id_F=4115488&wine_name_id_F=85261&merchant_id_F=162786&price_F=80.119125&page_no_F=1&line_no_F=1&ebp_price_F=80.119125&bot_size_F=Bottle+%28750ml%29&design_F=&offer_type_F=R&tax_status_F=ex.+sales+tax&Xwinename=duckhorn+vineyard+napa+merlot&Xvintage_F=1994&Xlocation=USA&Xcurrencycode=USD
121,Pop's Wines & Spirits,New York based wine merchant. ex. sales tax,"256 Long Beach Road, Island Park, NY 11558", Island Park, Island Park,11558,40.603841,-73.655997,USA,NY,1992,129.99,Bottle (750ml),Bottle ,750ml,https://www.wine-searcher.com/redirect?from_type_F=A&from_page_F=1462&wine_id_F=4116038&wine_name_id_F=85261&merchant_id_F=172&price_F=94.678955&page_no_F=1&line_no_F=1&ebp_price_F=94.678955&bot_size_F=Bottle+%28750ml%29&design_F=&offer_type_F=R&tax_status_F=ex.+sales+tax&Xwinename=duckhorn+vineyard+napa+merlot&Xvintage_F=1992&Xlocation=USA&Xcurrencycode=USD
122,CANA Wine Company,Fine wine retailer specializing in quality old vintage wines. ex. sales tax,"701 Cowan Street Nashville, TN 37207", TN 37207,701 Cowan Street Nashville,37207,36.183255,-86.776003,USA,TN,1990,80.0,Half Bottle (375ml),Half Bottle ,375ml,https://www.wine-searcher.com/redirect?from_type_F=A&from_page_F=1462&wine_id_F=4114970&wine_name_id_F=85261&merchant_id_F=58755&price_F=58.268456&page_no_F=1&line_no_F=1&ebp_price_F=116.53691&bot_size_F=Half+Bottle+%28375ml%29&design_F=&offer_type_F=R&tax_status_F=ex.+sales+tax&Xwinename=duckhorn+vineyard+napa+merlot&Xvintage_F=1990&Xlocation=USA&Xcurrencycode=USD
123,Pop's Wines & Spirits,New York based wine merchant. ex. sales tax,"256 Long Beach Road, Island Park, NY 11558", Island Park, Island Park,11558,40.603841,-73.655997,USA,NY,1989,129.99,Bottle (750ml),Bottle ,750ml,https://www.wine-searcher.com/redirect?from_type_F=A&from_page_F=1462&wine_id_F=4116042&wine_name_id_F=85261&merchant_id_F=172&price_F=94.678955&page_no_F=1&line_no_F=1&ebp_price_F=94.678955&bot_size_F=Bottle+%28750ml%29&design_F=&offer_type_F=R&tax_status_F=ex.+sales+tax&Xwinename=duckhorn+vineyard+napa+merlot&Xvintage_F=1989&Xlocation=USA&Xcurrencycode=USD
124,Pop's Wines & Spirits,New York based wine merchant. ex. sales tax,"256 Long Beach Road, Island Park, NY 11558", Island Park, Island Park,11558,40.603841,-73.655997,USA,NY,1988,129.99,Bottle (750ml),Bottle ,750ml,https://www.wine-searcher.com/redirect?from_type_F=A&from_page_F=1462&wine_id_F=4116043&wine_name_id_F=85261&merchant_id_F=172&price_F=94.678955&page_no_F=1&line_no_F=1&ebp_price_F=94.678955&bot_size_F=Bottle+%28750ml%29&design_F=&offer_type_F=R&tax_status_F=ex.+sales+tax&Xwinename=duckhorn+vineyard+napa+merlot&Xvintage_F=1988&Xlocation=USA&Xcurrencycode=USD
125,Prima Vini Wine Merchants,Wine merchant specializing in hard-to-get wines from around the world. ex. sales tax,"1520 North Main Street, Walnut Creek, CA 94596", Walnut Creek, Walnut Creek,94596,37.900183,-122.061116,USA,CA,1987,4200.0,6ltr,6ltr,,https://www.wine-searcher.com/redirect?from_type_F=A&from_page_F=1462&wine_id_F=16973540&wine_name_id_F=85261&merchant_id_F=2043&price_F=3059.0938&page_no_F=1&line_no_F=1&ebp_price_F=382.38672&bot_size_F=6ltr&design_F=&offer_type_F=R&tax_status_F=ex.+sales+tax&Xwinename=duckhorn+vineyard+napa+merlot&Xvintage_F=1987&Xlocation=USA&Xcurrencycode=USD
126,Pop's Wines & Spirits,New York based wine merchant. ex. sales tax,"256 Long Beach Road, Island Park, NY 11558", Island Park, Island Park,11558,40.603841,-73.655997,USA,NY,1986,129.99,Bottle (750ml),Bottle ,750ml,https://www.wine-searcher.com/redirect?from_type_F=A&from_page_F=1462&wine_id_F=4116040&wine_name_id_F=85261&merchant_id_F=172&price_F=94.678955&page_no_F=1&line_no_F=1&ebp_price_F=94.678955&bot_size_F=Bottle+%28750ml%29&design_F=&offer_type_F=R&tax_status_F=ex.+sales+tax&Xwinename=duckhorn+vineyard+napa+merlot&Xvintage_F=1986&Xlocation=USA&Xcurrencycode=USD
127,Wally's Wine & Spirits,Online wine merchant. ex. sales tax,"10459 Jefferson Blvd. Culver City, Los Angeles, CA, 90232", Los Angeles, Los Angeles,90232,34.00706,-118.392573,USA,CA,1985,75.0,Bottle (750ml),Bottle ,750ml,https://www.wine-searcher.com/redirect?from_type_F=A&from_page_F=1462&wine_id_F=4115493&wine_name_id_F=85261&merchant_id_F=287&price_F=54.626675&page_no_F=1&line_no_F=1&ebp_price_F=54.626675&bot_size_F=Bottle+%28750ml%29&design_F=&offer_type_F=R&tax_status_F=ex.+sales+tax&Xwinename=duckhorn+vineyard+napa+merlot&Xvintage_F=1985&Xlocation=USA&Xcurrencycode=USD
128,Chap4 Fine+Rare Supply,"Fine and Rare Wine retailer with 25 years experience featuring hard to find, investment quality, vintages of proven provenance from the country's privately held cellars. ex. sales tax","9520 Jefferson Blvd. Culver, CA 90232", CA 90232, Culver,90232,34.01821,-118.386511,USA,CA,1982,60.0,Bottle (750ml),Bottle ,750ml,https://www.wine-searcher.com/redirect?from_type_F=A&from_page_F=1462&wine_id_F=22072049&wine_name_id_F=85261&merchant_id_F=140379&price_F=43.70134&page_no_F=1&line_no_F=1&ebp_price_F=43.70134&bot_size_F=Bottle+%28750ml%29&design_F=&offer_type_F=R&tax_status_F=ex.+sales+tax&Xwinename=duckhorn+vineyard+napa+merlot&Xvintage_F=1982&Xlocation=USA&Xcurrencycode=USD
129,Chap4 Fine+Rare Supply,"Fine and Rare Wine retailer with 25 years experience featuring hard to find, investment quality, vintages of proven provenance from the country's privately held cellars. ex. sales tax","9520 Jefferson Blvd. Culver, CA 90232", CA 90232, Culver,90232,34.01821,-118.386511,USA,CA,1982,75.0,Bottle (750ml),Bottle ,750ml,https://www.wine-searcher.com/redirect?from_type_F=A&from_page_F=1462&wine_id_F=22067188&wine_name_id_F=85261&merchant_id_F=140379&price_F=54.626675&page_no_F=1&line_no_F=2&ebp_price_F=54.626675&bot_size_F=Bottle+%28750ml%29&design_F=&offer_type_F=R&tax_status_F=ex.+sales+tax&Xwinename=duckhorn+vineyard+napa+merlot&Xvintage_F=1982&Xlocation=USA&Xcurrencycode=USD
130,Punt,"Retailer specializing in small production, highly allocated, domestic wines as well as vintage, blue chip French wine. ex. sales tax","Suite 1, 60 Liberty Ship Way, Sausalito, CA 94965", 60 Liberty Ship Way, Sausalito,94965,37.862835,-122.491883,USA,CA,1979,350.0,Bottle (750ml),Bottle ,750ml,https://www.wine-searcher.com/redirect?from_type_F=A&from_page_F=1462&wine_id_F=4115782&wine_name_id_F=85261&merchant_id_F=1864&price_F=254.92448&page_no_F=1&line_no_F=1&ebp_price_F=254.92448&bot_size_F=Bottle+%28750ml%29&design_F=&offer_type_F=R&tax_status_F=ex.+sales+tax&Xwinename=duckhorn+vineyard+napa+merlot&Xvintage_F=1979&Xlocation=USA&Xcurrencycode=USD
